-- phpMyAdmin SQL Dump
-- version 5.0.2
-- https://www.phpmyadmin.net/
--
-- Host: 127.0.0.1:3306
-- Generation Time: Nov 04, 2021 at 12:47 PM
-- Server version: 10.3.22-MariaDB
-- PHP Version: 7.2.29

SET SQL_MODE = "NO_AUTO_VALUE_ON_ZERO";
START TRANSACTION;
SET time_zone = "+00:00";


/*!40101 SET @OLD_CHARACTER_SET_CLIENT=@@CHARACTER_SET_CLIENT */;
/*!40101 SET @OLD_CHARACTER_SET_RESULTS=@@CHARACTER_SET_RESULTS */;
/*!40101 SET @OLD_COLLATION_CONNECTION=@@COLLATION_CONNECTION */;
/*!40101 SET NAMES utf8mb4 */;

--
-- Database: `test_gwmportal`
--

-- --------------------------------------------------------

--
-- Table structure for table `dealers`
--

CREATE TABLE `dealers` (
  `id` bigint(20) UNSIGNED NOT NULL,
  `name` varchar(255) NOT NULL,
  `address` varchar(255) NOT NULL,
  `bac` varchar(6) NOT NULL,
  `country` varchar(255) NOT NULL,
  `created_at` timestamp NULL DEFAULT NULL,
  `updated_at` timestamp NULL DEFAULT NULL
) ENGINE=InnoDB DEFAULT CHARSET=utf8;

--
-- Dumping data for table `dealers`
--

INSERT INTO `dealers` (`id`, `name`, `address`, `bac`, `country`, `created_at`, `updated_at`) VALUES
(1, 'Andijon ATX', 'Andijon shaxar, aylanma 1-uy', '123456', 'Uzbekistan', '2021-09-06 06:53:30', '2021-10-29 06:22:25'),
(3, 'KelesRUS', '11', '293998', 'RUS', '2021-09-08 05:08:25', '2021-09-29 00:44:57'),
(4, 'ТОВ \"РАВОН МОТОРС УКРАЇНА\"', '22', '298766', 'UKR', '2021-09-08 05:08:53', '2021-09-28 23:59:25'),
(22, 'test', 'sdsdsd', '000123', '2', '2021-10-27 06:23:18', '2021-10-29 06:32:25'),
(23, 'test1', 'sdsdsd', '478955', '2', '2021-10-27 06:57:47', '2021-10-29 06:22:08');

-- --------------------------------------------------------

--
-- Table structure for table `failed_jobs`
--

CREATE TABLE `failed_jobs` (
  `id` bigint(20) UNSIGNED NOT NULL,
  `connection` text NOT NULL,
  `queue` text NOT NULL,
  `payload` longtext NOT NULL,
  `exception` longtext NOT NULL,
  `failed_at` timestamp NOT NULL DEFAULT current_timestamp()
) ENGINE=InnoDB DEFAULT CHARSET=utf8;

-- --------------------------------------------------------

--
-- Table structure for table `ii001_files`
--

CREATE TABLE `ii001_files` (
  `id` int(10) UNSIGNED NOT NULL,
  `filename` varchar(100) NOT NULL,
  `recordcount` int(11) NOT NULL,
  `status` varchar(30) NOT NULL,
  `created_at` timestamp NULL DEFAULT NULL,
  `updated_at` timestamp NULL DEFAULT NULL
) ENGINE=InnoDB DEFAULT CHARSET=utf8;

--
-- Dumping data for table `ii001_files`
--

INSERT INTO `ii001_files` (`id`, `filename`, `recordcount`, `status`, `created_at`, `updated_at`) VALUES
(17, 'II001_GWM_9J20_WEB_20211026143004.txt', 3, '1', '2021-10-26 09:30:04', '2021-10-26 11:27:49'),
(18, 'II001_GWM_9J20_WEB_20211026160048.txt', 3, '1', '2021-10-26 11:00:48', '2021-10-26 11:27:51'),
(19, 'II001_GWM_9J20_WEB_20211026160347.txt', 3, '1', '2021-10-26 11:03:47', '2021-10-26 11:27:52'),
(20, 'II001_GWM_9J20_WEB_20211026222743.txt', 3, '1', '2021-10-26 17:27:43', '2021-10-26 17:29:09'),
(21, 'II001_GWM_9J20_WEB_20211026223830.txt', 3, '1', '2021-10-26 17:38:30', '2021-10-26 17:41:01'),
(22, 'II001_GWM_9J20_WEB_20211026224604.txt', 3, '1', '2021-10-26 17:46:04', '2021-10-26 17:46:36'),
(23, 'II001_GWM_9J20_WEB_20211027151501.txt', 6, '1', '2021-10-27 10:15:01', '2021-10-29 04:23:57'),
(26, 'II001_GWM_9J20_WEB_20211029093113.txt', 3, '1', '2021-10-29 04:31:13', '2021-10-29 04:33:05');

-- --------------------------------------------------------

--
-- Table structure for table `ii002_files`
--

CREATE TABLE `ii002_files` (
  `id` int(10) UNSIGNED NOT NULL,
  `filename` varchar(100) NOT NULL,
  `recordcount` int(11) NOT NULL,
  `status` varchar(30) NOT NULL,
  `created_at` timestamp NULL DEFAULT NULL,
  `updated_at` timestamp NULL DEFAULT NULL
) ENGINE=InnoDB DEFAULT CHARSET=utf8;

--
-- Dumping data for table `ii002_files`
--

INSERT INTO `ii002_files` (`id`, `filename`, `recordcount`, `status`, `created_at`, `updated_at`) VALUES
(16, 'II002_GWM_9J20_WEB_20211026160108.txt', 3, '1', '2021-10-26 11:01:08', '2021-10-26 17:13:30'),
(17, 'II002_GWM_9J20_WEB_20211026160407.txt', 3, '1', '2021-10-26 11:04:07', '2021-10-26 17:13:33'),
(18, 'II002_GWM_9J20_WEB_20211026222812.txt', 3, '1', '2021-10-26 17:28:12', '2021-10-26 17:30:11'),
(19, 'II002_GWM_9J20_WEB_20211026224014.txt', 3, '1', '2021-10-26 17:40:14', '2021-10-26 17:44:17'),
(20, 'II002_GWM_9J20_WEB_20211026224612.txt', 3, '1', '2021-10-26 17:46:12', '2021-10-26 17:46:57'),
(21, 'II002_GWM_9J20_WEB_20211027151501.txt', 6, '1', '2021-10-27 10:15:01', '2021-10-29 04:23:26'),
(22, 'II002_GWM_9J20_WEB_20211028151501.txt', 3, '1', '2021-10-28 10:15:01', '2021-10-29 04:23:28'),
(23, 'II002_GWM_9J20_WEB_20211029093138.txt', 3, '1', '2021-10-29 04:31:38', '2021-10-29 04:33:19');

-- --------------------------------------------------------

--
-- Table structure for table `migrations`
--

CREATE TABLE `migrations` (
  `id` int(10) UNSIGNED NOT NULL,
  `migration` varchar(255) NOT NULL,
  `batch` int(11) NOT NULL
) ENGINE=InnoDB DEFAULT CHARSET=utf8;

--
-- Dumping data for table `migrations`
--

INSERT INTO `migrations` (`id`, `migration`, `batch`) VALUES
(1, '2014_10_12_000000_create_users_table', 1),
(2, '2014_10_12_100000_create_password_resets_table', 1),
(3, '2016_06_01_000001_create_oauth_auth_codes_table', 1),
(4, '2016_06_01_000002_create_oauth_access_tokens_table', 1),
(5, '2016_06_01_000003_create_oauth_refresh_tokens_table', 1),
(6, '2016_06_01_000004_create_oauth_clients_table', 1),
(7, '2016_06_01_000005_create_oauth_personal_access_clients_table', 1),
(8, '2019_08_19_000000_create_failed_jobs_table', 1),
(9, '2021_10_08_052404_create_i_i001_files_table', 2),
(10, '2021_10_19_132852_laratrust_setup_tables', 3);

-- --------------------------------------------------------

--
-- Table structure for table `oauth_access_tokens`
--

CREATE TABLE `oauth_access_tokens` (
  `id` varchar(100) NOT NULL,
  `user_id` bigint(20) UNSIGNED DEFAULT NULL,
  `client_id` bigint(20) UNSIGNED NOT NULL,
  `name` varchar(255) DEFAULT NULL,
  `scopes` text DEFAULT NULL,
  `revoked` tinyint(1) NOT NULL,
  `created_at` timestamp NULL DEFAULT NULL,
  `updated_at` timestamp NULL DEFAULT NULL,
  `expires_at` datetime DEFAULT NULL
) ENGINE=InnoDB DEFAULT CHARSET=utf8;

--
-- Dumping data for table `oauth_access_tokens`
--

INSERT INTO `oauth_access_tokens` (`id`, `user_id`, `client_id`, `name`, `scopes`, `revoked`, `created_at`, `updated_at`, `expires_at`) VALUES
('001a46652ee891903918e14200b20d701f7e57ad017644dcc638ccaf9f49d1bece3b10d9ea675d37', 1, 2, NULL, '[]', 0, '2021-09-28 06:24:50', '2021-09-28 06:24:50', '2022-09-28 11:24:50'),
('00efea91fd5174396471b17716e65bd22a3502e62b6826c60956e7307b329cf8d08e3c42c5beb919', 1, 2, NULL, '[]', 0, '2021-09-14 03:36:01', '2021-09-14 03:36:01', '2022-09-14 08:36:01'),
('016d30f929f60a74a6bea6063435954f30606bb687157f1f17b4517d50e4166ea784627b12899d23', 37, 2, NULL, '[]', 0, '2021-10-28 04:58:12', '2021-10-28 04:58:12', '2022-10-28 09:58:12'),
('018503569cd1fa50a4d71f585dcac9ec28537bfaab1858bff21cfc798c55cd76633b64811f484580', 2, 2, NULL, '[]', 0, '2021-09-27 05:28:34', '2021-09-27 05:28:34', '2022-09-27 10:28:34'),
('01af3a201965796b460d8c44fb5cddfe000cf34816abbecd35a30fd7fb898adce6a8abf35e8ae9c1', 4, 2, NULL, '[]', 0, '2021-10-27 11:31:28', '2021-10-27 11:31:28', '2022-10-27 16:31:28'),
('01db7bbf7f98816f3a4439f937c8f63314a2c83ad42b695a9950c3d77435642a48c818e8e1ddcd3f', 1, 2, NULL, '[]', 0, '2021-09-27 00:37:34', '2021-09-27 00:37:34', '2022-09-27 05:37:34'),
('01df31df42b472f02b2c69e876c4b6a9d966f7727c317572f0ddad0c06c8aabc6d719adf0771c384', 1, 2, NULL, '[]', 0, '2021-09-28 23:14:36', '2021-09-28 23:14:36', '2022-09-29 04:14:36'),
('0205aaf193011ea5aebc8606f0c4dfaa67403b82bbef7e40225cb9d751e2aee6b3aa935c797f7f15', 9, 2, NULL, '[]', 0, '2021-09-29 01:37:11', '2021-09-29 01:37:11', '2022-09-29 06:37:11'),
('024c175505fd4071c80b5c94a6e241101d3c63a8590e409895dd0241387a9fc8c78e9a58ec06a55a', 1, 2, NULL, '[]', 0, '2021-10-21 09:53:03', '2021-10-21 09:53:03', '2022-10-21 14:53:03'),
('030f8445334097d0da2886b299a30ae1d20c2f9dd02c472b3efa4cbddd00b092d44ffcc289a60ce9', 37, 2, NULL, '[]', 0, '2021-10-25 06:41:36', '2021-10-25 06:41:36', '2022-10-25 11:41:36'),
('0353ae2fede972e46cc8c4c41859028c3bf04b1f76df2c16d4579638bde40487db33541ce5b20330', 1, 2, NULL, '[]', 0, '2021-09-28 03:52:00', '2021-09-28 03:52:00', '2022-09-28 08:52:00'),
('036c5952296467e2d6a9abfc8c7ab1e024065ad97ace4a0d1dc2c760eac5c620acfbe5093016a212', 4, 2, NULL, '[]', 0, '2021-10-21 05:33:55', '2021-10-21 05:33:55', '2022-10-21 10:33:55'),
('0395ea368f53f9ac6d12c254b67a8f8faf6a8d2edda6b6436fe25bb79eb9db88ca49066d0aa47a1d', 1, 2, NULL, '[]', 0, '2021-09-29 04:44:29', '2021-09-29 04:44:29', '2022-09-29 09:44:29'),
('04af9d05e0d9b9fbf49f6f84885f31a0b8b51ebab9eb3e2f1f3b2a15ec9314cb3e2f0532b478e942', 1, 2, NULL, '[]', 0, '2021-09-28 02:51:41', '2021-09-28 02:51:41', '2022-09-28 07:51:41'),
('04d1da53d9c72ea05c8b1c0a6915ada34f84d3bd0939ce102d53f37903d958a9137264b764d9d058', 1, 2, NULL, '[]', 0, '2021-09-16 05:43:24', '2021-09-16 05:43:24', '2022-09-16 10:43:24'),
('051d08114840af414d76c7dc8f9065d4a84ab6745307f5a732cefd8094dac9bb2d1143daf51922c4', 1, 2, NULL, '[]', 0, '2021-09-14 06:28:25', '2021-09-14 06:28:25', '2022-09-14 11:28:25'),
('05cc7ea20659189dd7d8d0455157bc4aafecdb681a85c60fd215db8606ca6a46f388969f850574bd', 1, 2, NULL, '[]', 0, '2021-09-14 06:30:56', '2021-09-14 06:30:56', '2022-09-14 11:30:56'),
('05d0abe923b12d8d3d3e48501b286c9c408ab6fb4694c402601eda5bee030118566f7ee66f1074f5', 1, 2, NULL, '[]', 0, '2021-09-14 06:30:05', '2021-09-14 06:30:05', '2022-09-14 11:30:05'),
('064986f4fd650ffb44d6293b8842f5a27156492c53bda6148afdfff9fddfc7450053fc94608f2e44', 1, 2, NULL, '[]', 0, '2021-09-23 04:58:16', '2021-09-23 04:58:16', '2022-09-23 09:58:16'),
('066881d9de962ef1db272b1ff4be923ebf0247052d9697401db5f1614e3e43a8ebceb91a6df6d813', 4, 2, NULL, '[]', 0, '2021-09-29 03:24:54', '2021-09-29 03:24:54', '2022-09-29 08:24:54'),
('0673b9433d18b6eb98a37611d7d1c059a48e083c9205193f3dc2b293c437efb88bd5bfcde33e1bf2', 2, 2, NULL, '[]', 0, '2021-09-28 23:54:21', '2021-09-28 23:54:21', '2022-09-29 04:54:21'),
('08319907846e66e5d8146533476bf43bf1813fa726d3810058c83f6b7737e75b552c1aa7a7e92c55', 2, 2, NULL, '[]', 0, '2021-09-27 00:14:01', '2021-09-27 00:14:01', '2022-09-27 05:14:01'),
('093fb37b6c5851e6393c39c0389fdee8285db275e8d9f3761094175848ec6c73fd5727b3ab458ead', 1, 2, NULL, '[]', 0, '2021-09-27 01:24:30', '2021-09-27 01:24:30', '2022-09-27 06:24:30'),
('09aa1c1a7302b5d23958c298224f3a04fc2333af620184c8b7c18de05eca96d372f10f7d4998f96e', 8, 2, NULL, '[]', 0, '2021-09-28 22:43:41', '2021-09-28 22:43:41', '2022-09-29 03:43:41'),
('0a2f03f95d2055cd8d775775726ffae8cbc8799127647a3b12ccdb148acd1a511077a52740f9f73d', 1, 2, NULL, '[]', 0, '2021-09-28 00:52:37', '2021-09-28 00:52:37', '2022-09-28 05:52:37'),
('0abf15952cfe6c708aa427981830dcfa7f1fdcdb5501aeb2112fda4a3ef84a2265870861148024e1', 1, 2, NULL, '[]', 0, '2021-09-14 03:36:15', '2021-09-14 03:36:15', '2022-09-14 08:36:15'),
('0bb82f7881a46a1bf3c3dfe568e06c09e9114b5889951a277d8af7a4d0af9a5a7a6c3ce67f2eeb33', 37, 2, NULL, '[]', 0, '2021-10-28 04:21:17', '2021-10-28 04:21:17', '2022-10-28 09:21:17'),
('0d9a3c1139fff42cd610f0a034d6af4d076fc84f1b3904026245942b1992653c8eb07f3e364e4f32', 1, 2, NULL, '[]', 0, '2021-09-07 06:02:02', '2021-09-07 06:02:02', '2022-09-07 11:02:02'),
('0e4c221fe5cd3bb2bcf744859800666eaa3cffb37926c4ff85a104fbfffdab989180c7f35b5fd479', 1, 2, NULL, '[]', 0, '2021-09-24 05:23:04', '2021-09-24 05:23:04', '2022-09-24 10:23:04'),
('0e836328f2d9c72e05441c94269548077c97747810b95278f5792f21cf1093efa13966e10606d610', 5, 2, NULL, '[]', 0, '2021-09-27 00:17:15', '2021-09-27 00:17:15', '2022-09-27 05:17:15'),
('0e8912f29689bbe778a78bc84517f52b5c02da4c4142087d64aaee148902853ceab289f7ad2850b1', 1, 2, NULL, '[]', 0, '2021-09-26 23:35:30', '2021-09-26 23:35:30', '2022-09-27 04:35:30'),
('0ebc717dd480f79b51c93409ca253946b982307ec94ce171e92c12b93f9fcefa7cf1d4955c0aa482', 2, 2, NULL, '[]', 0, '2021-09-26 23:28:14', '2021-09-26 23:28:14', '2022-09-27 04:28:14'),
('0f855da029644135603987feea6428b9f8d41a39c337a4d0734311a706f0798119e1bad7f52f7fe1', 1, 2, NULL, '[]', 0, '2021-10-25 06:36:39', '2021-10-25 06:36:39', '2022-10-25 11:36:39'),
('100122e72ca577865dd13fa284d36d22d2a8b9fda3ed0ecc21c45ee8f4444dace24ec7949db458d8', 4, 2, NULL, '[]', 0, '2021-09-27 04:10:40', '2021-09-27 04:10:40', '2022-09-27 09:10:40'),
('10295827035de6861d36eb2aa2807a6254bf4615f7d9457859e272f62d33e793a30624b685c9ff8d', 2, 2, NULL, '[]', 0, '2021-09-26 23:28:14', '2021-09-26 23:28:14', '2022-09-27 04:28:14'),
('106147d8dc257441135feb74a30e20f4c1ace01a0d59ee9faf7b0bb099654ea4dea75ec0d52d9974', 1, 2, NULL, '[]', 0, '2021-09-07 06:34:49', '2021-09-07 06:34:49', '2022-09-07 11:34:49'),
('10ed0ee86cecf08597a0e5b444c82140a642a5a4e1939b01038a813758b8e9cc89e0c148f9b677aa', 2, 2, NULL, '[]', 0, '2021-10-25 09:54:47', '2021-10-25 09:54:47', '2022-10-25 14:54:47'),
('10fc6e51b6bf17c7177b3275c0ef0b57291b1b83f741a0a4ea620746ad18c22f3d99901600000375', 1, 2, NULL, '[]', 0, '2021-09-07 06:05:06', '2021-09-07 06:05:06', '2022-09-07 11:05:06'),
('11119d37ebd29f24b236e54f77a37eb981e8e4fd783d7b53abf6abb39803ddd7d3a15e13250e2e19', 4, 2, NULL, '[]', 0, '2021-10-28 05:41:45', '2021-10-28 05:41:45', '2022-10-28 10:41:45'),
('1190ac2182683b1f31371696ea4138ab404fa78a87bfb44d99744d0d081d8944230a2e77612dc049', 4, 2, NULL, '[]', 0, '2021-10-25 12:42:20', '2021-10-25 12:42:20', '2022-10-25 17:42:20'),
('135e3d0c9e9022442d7d1e491b1ba49f3b23a8c9b2ecfe420194e76b44419e9022963079f336c926', 1, 2, NULL, '[]', 0, '2021-09-27 00:41:20', '2021-09-27 00:41:20', '2022-09-27 05:41:20'),
('15f19a0bfe62aebd4010097fb55e9e36643a8d8ed7afb989158a55c94acffb6327533c6502b0a9c2', 1, 2, NULL, '[]', 0, '2021-09-14 03:34:42', '2021-09-14 03:34:42', '2022-09-14 08:34:42'),
('160b12ca561bf524426a17d3e16b55c5c0fe9304737ee1f05f6f53028e0c4da5a3a0e8a1454e032c', 8, 2, NULL, '[]', 0, '2021-09-28 22:14:30', '2021-09-28 22:14:30', '2022-09-29 03:14:30'),
('164a8e1a63e05db0aec9e6ea9886e919adaff661472a65f36fe74e8e8665036ee1f1579484777c0b', 4, 2, NULL, '[]', 0, '2021-10-26 06:50:24', '2021-10-26 06:50:24', '2022-10-26 11:50:24'),
('16c371b7ec555428cc54a482c729529bbb18a8199266686c0c4c8a9dcf41548faf41fbc11aa02c16', 1, 2, NULL, '[]', 0, '2021-09-27 00:38:42', '2021-09-27 00:38:42', '2022-09-27 05:38:42'),
('16ef4e9a4927f59c212c516df587eebbce5182708c062e6bd508dc2b1f4f96efebba197bb999c736', 37, 2, NULL, '[]', 0, '2021-10-26 06:55:50', '2021-10-26 06:55:50', '2022-10-26 11:55:50'),
('172e3e80d74f72f164b77076668871bc1022a405c08bfb3fee53e060a3a2e7c17099cd4bffbe34bd', 1, 2, NULL, '[]', 0, '2021-10-21 03:42:06', '2021-10-21 03:42:06', '2022-10-21 08:42:06'),
('17526811442df042240477532e966ff2c0b6b6d84f221425186ffdd225f4bf3fabde0b88771f9fa3', 5, 2, NULL, '[]', 0, '2021-09-28 00:55:24', '2021-09-28 00:55:24', '2022-09-28 05:55:24'),
('17db01b29152ff3a31471ded59d769c4f329dd6f31ea4bdaff50e63b232d93bb91e887a42b285902', 5, 2, NULL, '[]', 0, '2021-09-28 00:44:43', '2021-09-28 00:44:43', '2022-09-28 05:44:43'),
('17f85576730a91b3cc0cb90466ca9ebeb0e965a8705f58c6480d398a856f4db07b227c8640095f2c', 1, 2, NULL, '[]', 0, '2021-09-07 06:05:26', '2021-09-07 06:05:26', '2022-09-07 11:05:26'),
('18743d9c7cf760abe0a5331d77cf3834ed2f21f00ad9152a89fe6ca2fb64bd76633d7a0c0d480775', 1, 2, NULL, '[]', 0, '2021-09-14 06:32:07', '2021-09-14 06:32:07', '2022-09-14 11:32:07'),
('1a9e82b2d56c57477bc41f8e18a844916a13a4db333a57ac4d346dadf43aa28162d662a0824b7a34', 1, 2, NULL, '[]', 0, '2021-10-28 10:39:44', '2021-10-28 10:39:44', '2022-10-28 15:39:44'),
('1b033406404ec2dcb51e4a513a3660153c300fb92c5147e7d69f53deb38100914c46f09faf0b4c76', 4, 2, NULL, '[]', 0, '2021-09-27 22:53:06', '2021-09-27 22:53:06', '2022-09-28 03:53:06'),
('1bf30b82eb55810d29e62fb30ca090d3ce8f0e186690a413f5ce81d08c303bd3cc9ef3c212cb3d50', 4, 2, NULL, '[]', 0, '2021-09-28 22:16:54', '2021-09-28 22:16:54', '2022-09-29 03:16:54'),
('1c126731cfd5119ccf6dc649e793c26c94f1cc2b62aeeff94d4cca7716aabf740c586d687f498c16', 1, 2, NULL, '[]', 0, '2021-09-14 04:55:25', '2021-09-14 04:55:25', '2022-09-14 09:55:25'),
('1c55075a11b219233aeb1ac92cb80607a881a2123d0c87176885e0c658db209c1b1fa3b50bf0942d', 1, 2, NULL, '[]', 0, '2021-09-28 22:56:19', '2021-09-28 22:56:19', '2022-09-29 03:56:19'),
('1c7128004c03377052863f31895c88bfad3c0f5c15c59b6b6e4f952a41575b82548a83445232ec58', 1, 2, NULL, '[]', 0, '2021-09-27 03:56:43', '2021-09-27 03:56:43', '2022-09-27 08:56:43'),
('1cc395b53cd6c95dd3995a1dbe4c377be5e1ea5beb007d9e266336207f6f6c8b5ea7f3405cdd9ff2', 4, 2, NULL, '[]', 0, '2021-10-29 06:09:39', '2021-10-29 06:09:39', '2022-10-29 11:09:39'),
('1d260ea3458acc7941510a836e55838b0981ce7cd79d80c86c7d056f436c11dc8095f4b38ed83828', 4, 2, NULL, '[]', 0, '2021-10-27 03:38:45', '2021-10-27 03:38:45', '2022-10-27 08:38:45'),
('1d2b49327a721160a41dea674ce8c345ff1c6320b7a15b090eba362d1493191effe6d1fd1c3d744f', 2, 2, NULL, '[]', 0, '2021-09-28 02:40:01', '2021-09-28 02:40:01', '2022-09-28 07:40:01'),
('1d2c2ba54e8fdd5ac75b01d85e810c2816bd19b4483c518636f6dd1dbfa745052350d4b6f923eedb', 37, 2, NULL, '[]', 0, '2021-10-25 10:22:16', '2021-10-25 10:22:16', '2022-10-25 15:22:16'),
('1d8dc4c4ea543d950d4770c4f97fd9f4e6924a5de171f9cd02777a85c10e46fd72fd6ab9f160b1ca', 4, 2, NULL, '[]', 0, '2021-09-28 22:06:29', '2021-09-28 22:06:29', '2022-09-29 03:06:29'),
('1e0d6ef2fa96487fd6c1b8a903904fdbe440660521534cfba6224da4610b4e23e22f28529c2c43b6', 2, 2, NULL, '[]', 0, '2021-09-26 23:28:14', '2021-09-26 23:28:14', '2022-09-27 04:28:14'),
('1e208cb360ff4d876ab09c12f358d83ad1823c1cd556e7ec5478feb9d904e738f8d6f6b19507ff96', 1, 2, NULL, '[]', 0, '2021-09-29 01:44:55', '2021-09-29 01:44:55', '2022-09-29 06:44:55'),
('1f900a695c36941d498daf5cbcd61ed772d2843fbbba8292884915530c508a21b8df2aede41c5b78', 1, 2, NULL, '[]', 0, '2021-10-28 08:21:42', '2021-10-28 08:21:42', '2022-10-28 13:21:42'),
('20396558d00c8f8ee86abe8005bed9dc22efe0f08052fb7172146a27c975993630f27a3437568bfa', 4, 2, NULL, '[]', 0, '2021-10-25 03:57:41', '2021-10-25 03:57:41', '2022-10-25 08:57:41'),
('2073562f5a85d7db029a0b3c41cddce4f2945575ce6934e1054212fa38715af53b4cfb34ede0020b', 8, 2, NULL, '[]', 0, '2021-09-28 22:50:28', '2021-09-28 22:50:28', '2022-09-29 03:50:28'),
('2075ab4471ed7d3ab0ca24f4132662eb13f9350de0446e21407fef4cc5d64f04da676b8b61a845e3', 2, 2, NULL, '[]', 0, '2021-10-25 08:18:08', '2021-10-25 08:18:08', '2022-10-25 13:18:08'),
('214a8f21b664866f72f400c47bc839e5c0e5c1445c2fde880e54e4422075c9368b404c572a999421', 4, 2, NULL, '[]', 0, '2021-10-25 12:41:02', '2021-10-25 12:41:02', '2022-10-25 17:41:02'),
('227ce4c7423106ea01a55e1d812a9266e08941dcab4986d84d6ba1f872705de7c2af47200b98d022', 4, 2, NULL, '[]', 0, '2021-09-27 09:49:27', '2021-09-27 09:49:27', '2022-09-27 14:49:27'),
('2292a21c03849e175ac4cbc6fcbd36d75c1c2e0baca5d1d14a364bcb49857095a571e710f8b6e84b', 2, 2, NULL, '[]', 0, '2021-09-27 00:37:16', '2021-09-27 00:37:16', '2022-09-27 05:37:16'),
('2306a9c7cb809bff9d59f7ca6f1020e0e263e950aa611068cccaaa268cc5469d322b0ad09fdbd589', 1, 2, NULL, '[]', 0, '2021-09-28 05:37:51', '2021-09-28 05:37:51', '2022-09-28 10:37:51'),
('23f43315e77deb202c4fe44c6468624ed903e775dee39a12b404dd94c979445bf1847cd09aca04e2', 4, 2, NULL, '[]', 0, '2021-10-22 05:05:20', '2021-10-22 05:05:20', '2022-10-22 10:05:20'),
('242054e855d2f34f0268b23b95c70a8f8500146c243d326c48db9888b31b0785b35fbdf660eab952', 1, 2, NULL, '[]', 0, '2021-09-28 06:28:28', '2021-09-28 06:28:28', '2022-09-28 11:28:28'),
('25effff5662135ad5527a1e6a7d52041d032dbbb7a7bdc0ce1b5d3667528f74bbbe82a3eb9e94de6', 1, 2, NULL, '[]', 0, '2021-09-27 23:09:05', '2021-09-27 23:09:05', '2022-09-28 04:09:05'),
('26dc50ddddb2686144ea741dab70685fc44f1335878841e7e7345c5a7ed93172fbd1050647c65a05', 1, 2, NULL, '[]', 0, '2021-09-14 03:36:09', '2021-09-14 03:36:09', '2022-09-14 08:36:09'),
('27031109ba19efaf8ded6a3603b77734aad94e5590714b6c8881e15e458cb7f63539ce0e1b1731a4', 1, 2, NULL, '[]', 0, '2021-09-28 23:58:22', '2021-09-28 23:58:22', '2022-09-29 04:58:22'),
('28681eb864652b4ed87d92b721b23ed326e430062d10c036671aae5125a74b1e1c6973f55c79d094', 1, 2, NULL, '[]', 0, '2021-09-27 00:18:24', '2021-09-27 00:18:24', '2022-09-27 05:18:24'),
('28ed4ade5d80b2ffa7728bd201c23594289c17dc05547108917ca4322aa9624e4974f9af059d9944', 1, 2, NULL, '[]', 0, '2021-09-07 05:06:13', '2021-09-07 05:06:13', '2022-09-07 10:06:13'),
('2a189d16b09c68a8bdb9d5d4232724c06f96ad87fbb91ed1fee77209620c7196ca1a8df9ca34183f', 2, 2, NULL, '[]', 0, '2021-10-25 06:32:46', '2021-10-25 06:32:46', '2022-10-25 11:32:46'),
('2a702b105acd617313912a55b9e3f1a77df2f9ab26707e5cad312126e75d0b8d7f61884de80ff686', 4, 2, NULL, '[]', 0, '2021-10-20 06:53:38', '2021-10-20 06:53:38', '2022-10-20 11:53:38'),
('2b955b1a365d257f7617d5f1f78d53416ff988e1c862932c9e59d918b9988cdacc1642b21f506e88', 1, 2, NULL, '[]', 0, '2021-09-26 22:17:48', '2021-09-26 22:17:48', '2022-09-27 03:17:48'),
('2c1a9a06844b3d5c3574c8d27e055fac35c3ea99d7d512e4d8268aabc00374369a3b04e007d683cc', 4, 2, NULL, '[]', 0, '2021-10-25 04:42:29', '2021-10-25 04:42:29', '2022-10-25 09:42:29'),
('2cae082beea1d8b3db490fa18840e481e0b3ccbc8b22388fe2b032494e88969e09dc980651a73a5e', 1, 2, NULL, '[]', 0, '2021-10-26 09:36:20', '2021-10-26 09:36:20', '2022-10-26 14:36:20'),
('2cc18528f74b52e855021874fb941f74ee11018f1931725ad022c01402ef11ab18d3f7b3f79bc14b', 2, 2, NULL, '[]', 0, '2021-10-25 08:50:15', '2021-10-25 08:50:15', '2022-10-25 13:50:15'),
('2cd8265813998b7ca711cfb9171cc063ba2cf852f7c8eb26134623d285d6e4dfd574bd3cf3ca098c', 1, 2, NULL, '[]', 0, '2021-09-27 00:28:17', '2021-09-27 00:28:17', '2022-09-27 05:28:17'),
('2ced61ea2b1e8e534810018bf4ab3d2fae7945de8af9601b6d5c30e6d91abbae8ab4783ca2b99d0d', 37, 2, NULL, '[]', 0, '2021-10-28 04:18:18', '2021-10-28 04:18:18', '2022-10-28 09:18:18'),
('2cee62c5ca68f37820af6422d9f747d6bc64b21b9ff2b618e38cb93b738fa50c171d64136097e2a4', 1, 2, NULL, '[]', 0, '2021-09-14 03:34:11', '2021-09-14 03:34:11', '2022-09-14 08:34:11'),
('2d071d26c3fbf82c77f78f8b24447eeca168d307938f579c854e34e3ac76caaf1d73cd060ea5f31a', 1, 2, NULL, '[]', 0, '2021-09-14 21:25:46', '2021-09-14 21:25:46', '2022-09-15 02:25:46'),
('2d989de1d73a16d7f485677ff1df3977e4141921f604f3d49f0376c4848f98cec894b88440a58342', 37, 2, NULL, '[]', 0, '2021-10-25 12:43:08', '2021-10-25 12:43:08', '2022-10-25 17:43:08'),
('2e13d6db832520f502efeb4b667fb2fc17b8ec1f282dc4658cb2d9fa725955e34de0ad2f77aafe8c', 1, 2, NULL, '[]', 0, '2021-09-27 01:27:05', '2021-09-27 01:27:05', '2022-09-27 06:27:05'),
('2ea8738bf6e11a1309ada2204ac7399f81c61c44ec71faa21eeb31d769efed9c66974e98abbc71be', 1, 2, NULL, '[]', 0, '2021-09-28 06:31:52', '2021-09-28 06:31:52', '2022-09-28 11:31:52'),
('2f174fbf4e3d69f6f75abe6d1b70d0edabe3eca4e6042ada2543680f1b5ca981c1a387c52fb5cb5c', 1, 2, NULL, '[]', 0, '2021-09-22 03:42:38', '2021-09-22 03:42:38', '2022-09-22 08:42:38'),
('2f569cfbf56bf3d622b7bbe3f98b7971597a8ac09f4ece231e1aac9a0278f3a99a6f46d97524f1ba', 4, 2, NULL, '[]', 0, '2021-10-25 05:19:04', '2021-10-25 05:19:04', '2022-10-25 10:19:04'),
('2fd86f74c6ab4e130b8fc1ec8b2909ac8435d6f38ac06fa34f960bfdfff4e5cf1204cfaba8fece2f', 5, 2, NULL, '[]', 0, '2021-09-28 03:09:13', '2021-09-28 03:09:13', '2022-09-28 08:09:13'),
('2fecbf50d069ca73bec0bb0f13f794af5aeb0e9549d3686be26481710cb7e049f4044f5377abf993', 1, 2, NULL, '[]', 0, '2021-09-29 04:44:27', '2021-09-29 04:44:27', '2022-09-29 09:44:27'),
('3147d235c3ece11f77e8bc6708319158578f614116e68076d3d73ce0522b3fd8f3c577c3a4a96bfb', 2, 2, NULL, '[]', 0, '2021-09-26 22:55:28', '2021-09-26 22:55:28', '2022-09-27 03:55:28'),
('32aa1d68e249a9bc463a0d504f415f8d2e6088183ea1a5a50702bf54231d956135c8589e77e5bf38', 37, 2, NULL, '[]', 0, '2021-10-25 13:14:05', '2021-10-25 13:14:05', '2022-10-25 18:14:05'),
('32de912d8709f53cd64da04b70e4c08b803fe1c11af93f33c206ff7431e43f240a8fa4dce799ae51', 2, 2, NULL, '[]', 0, '2021-09-28 02:34:59', '2021-09-28 02:34:59', '2022-09-28 07:34:59'),
('33164016a5e0780c829155bcd8e8d551c40ef78fa91020aeccfb84314099b26162eefb8e3283647b', 1, 2, NULL, '[]', 0, '2021-09-27 01:05:39', '2021-09-27 01:05:39', '2022-09-27 06:05:39'),
('3363c7c0709c8bda3174913d3612b6984f53a215f9de5222d5ea2980d66b43fd1476bd2e343d2909', 9, 2, NULL, '[]', 0, '2021-09-29 04:41:52', '2021-09-29 04:41:52', '2022-09-29 09:41:52'),
('3444ba0835c979abf8cc58eb03dc61b9bbf1ab8d9b1deadc592858c032349ebf1487a4ba4a6e519e', 2, 2, NULL, '[]', 0, '2021-09-29 00:13:23', '2021-09-29 00:13:23', '2022-09-29 05:13:23'),
('351179b819dddf913aea89b2f2ec2bfc48100b536a35ea94741f2400efc0f95540557936ee3a28bc', 1, 2, NULL, '[]', 0, '2021-09-28 06:29:55', '2021-09-28 06:29:55', '2022-09-28 11:29:55'),
('354af531e6ae04f7a8e10f92b3a4039e152daabc790116bf51f1970c94907451240e9d43f36b6fb5', 4, 2, NULL, '[]', 0, '2021-10-25 12:28:45', '2021-10-25 12:28:45', '2022-10-25 17:28:45'),
('366faaf130f4daf5cdfadf8c469d6f4a4a4e6a295ac92c747aa8f9e46d723f4fae7e03f172a5dd83', 2, 2, NULL, '[]', 0, '2021-09-26 23:56:47', '2021-09-26 23:56:47', '2022-09-27 04:56:47'),
('36fe7fba355130e6cc58ebd68d13ca7cbf0b469aed89d7ba06d89b9d8778a15cf5b18f86233b0a2e', 37, 2, NULL, '[]', 0, '2021-10-25 09:45:32', '2021-10-25 09:45:32', '2022-10-25 14:45:32'),
('3775883ac219584a32e1989dc0e5b817924f28899b69b77c2248d6f72e97706b23b3b436a796094b', 2, 2, NULL, '[]', 0, '2021-09-26 23:25:36', '2021-09-26 23:25:36', '2022-09-27 04:25:36'),
('37967707d463cf159bcda14f572422dfff4ed8a6068eb499857a92b61eb92d5bd0f953477acdca31', 1, 2, NULL, '[]', 0, '2021-09-07 06:46:12', '2021-09-07 06:46:12', '2022-09-07 11:46:12'),
('37a6510295ae2d6890c01b4174420b02629d2618afa8b1a57e416d48d39ca80041c1d2ed3c325618', 44, 2, NULL, '[]', 0, '2021-10-26 08:12:35', '2021-10-26 08:12:35', '2022-10-26 13:12:35'),
('37ac106e51fd8b3763e2c3aa31dc006180f0d9c791a16554e5ca1c4e763b62bb365ba0d770dd7486', 2, 2, NULL, '[]', 0, '2021-09-26 23:28:15', '2021-09-26 23:28:15', '2022-09-27 04:28:15'),
('380f086f30f9552942f07d676e7f150e76e80d2f7daae805331264aa15266288fc00a0d5bba58b49', 2, 2, NULL, '[]', 0, '2021-09-26 23:30:41', '2021-09-26 23:30:41', '2022-09-27 04:30:41'),
('3834925d4092f7469e6b54335073286eef50f2536277bc763a41a73fcd846961ccbf625744783abf', 2, 2, NULL, '[]', 0, '2021-09-27 00:36:22', '2021-09-27 00:36:22', '2022-09-27 05:36:22'),
('3862161e33f6b53e3f31601473981df281ad1b2033611b212bdeddb8f21defded0a88e4bce8d8319', 2, 2, NULL, '[]', 0, '2021-09-28 02:51:34', '2021-09-28 02:51:34', '2022-09-28 07:51:34'),
('389d2b299c1f3f1fbec771f0c7a9e2693ec91beaa7ed7b4f1b31c0af1df8abd45f1486fbf04ebae5', 2, 2, NULL, '[]', 0, '2021-09-27 00:30:15', '2021-09-27 00:30:15', '2022-09-27 05:30:15'),
('38fad759457fe50c6c6f8c5a6f66153bc0a271de16bbe470c6682fad132d325383051afee285e8d3', 37, 2, NULL, '[]', 0, '2021-10-25 09:26:24', '2021-10-25 09:26:24', '2022-10-25 14:26:24'),
('39107ec4a068a228bbdf2843a2c866c62d7ea9c024b0189ad1215265c4ecdc470b1aec38a4aff4ff', 1, 2, NULL, '[]', 0, '2021-09-26 23:49:15', '2021-09-26 23:49:15', '2022-09-27 04:49:15'),
('39134e3ee72f6d8b8c58b38d872cec2ec7608da241dd15d4ce0e16a6228fbf07831385f257372c90', 4, 2, NULL, '[]', 0, '2021-09-28 04:30:54', '2021-09-28 04:30:54', '2022-09-28 09:30:54'),
('39a65e6ba6ea122c47914364cca6a55b180df9f37c720497a40be87b65abca616b537918caf17e1f', 2, 2, NULL, '[]', 0, '2021-09-28 02:35:18', '2021-09-28 02:35:18', '2022-09-28 07:35:18'),
('3a23aa2bed67c5c18320cd8a7c7d672e2443ab811db92202a429a6713a1e9952a2ce043255a23858', 1, 2, NULL, '[]', 0, '2021-09-07 06:44:51', '2021-09-07 06:44:51', '2022-09-07 11:44:51'),
('3a376ebfc38d03457ffb9768eae91f7f48636cf230aa077c215d55b41bc3c95d2b9549c56af11dd3', 1, 2, NULL, '[]', 0, '2021-10-21 09:53:03', '2021-10-21 09:53:03', '2022-10-21 14:53:03'),
('3a866ab0bf79fae8f493a17cb2f98b2f72375dd0701723c1e3433db55294a81f9705f7506cbaa458', 2, 2, NULL, '[]', 0, '2021-09-26 23:59:01', '2021-09-26 23:59:01', '2022-09-27 04:59:01'),
('3aba1e621acf31fd1cf2a612b1793a1557048b63e6953aa68f53a64d33fce7c15b7c41c0fd5a5e3c', 2, 2, NULL, '[]', 0, '2021-09-26 23:29:21', '2021-09-26 23:29:21', '2022-09-27 04:29:21'),
('3b3295fada43c3397fffc75cfaf5c2a7b3f3575d1f94c1ebe9eb136b1e0582f8aa12a3a164f96dd9', 1, 2, NULL, '[]', 0, '2021-09-27 01:28:19', '2021-09-27 01:28:19', '2022-09-27 06:28:19'),
('3bd36deda86bcb8b4fa2a8dde35db4af8564df9e22136cd1edfbe102d0cfd047f38b3ea0abcbcdee', 2, 2, NULL, '[]', 0, '2021-09-26 22:53:55', '2021-09-26 22:53:55', '2022-09-27 03:53:55'),
('3c25485996eadff40bb550fc725db8196e2a3b42f158ea55ea016d5cbe705e67bef1a43a4ab4e3d0', 4, 2, NULL, '[]', 0, '2021-10-25 12:27:24', '2021-10-25 12:27:24', '2022-10-25 17:27:24'),
('3c538beaf4aa1b459d0eba1d866ee668f68afa4937a630ed0e2290bf848bc66678297907fcbf54c9', 1, 2, NULL, '[]', 0, '2021-09-27 05:26:04', '2021-09-27 05:26:04', '2022-09-27 10:26:04'),
('3ca69aa09d6509ec7187368f9622567eed84491f414d49aa5e7af9306ebc208f540af973ffd8f3d1', 4, 2, NULL, '[]', 0, '2021-10-28 11:39:52', '2021-10-28 11:39:52', '2022-10-28 16:39:52'),
('3cd8c72988ccc4ad82b64054dd0a8acc86f167046df0476b27660aabaf9515fc2d2cfdde8dbf4313', 4, 2, NULL, '[]', 0, '2021-10-27 03:33:36', '2021-10-27 03:33:36', '2022-10-27 08:33:36'),
('3ef1a47f512ab6236e092114d83530f170d5070b3ca9dd73eb80cc8a7d416bf5416120e94ed7f548', 1, 2, NULL, '[]', 0, '2021-09-14 06:34:08', '2021-09-14 06:34:08', '2022-09-14 11:34:08'),
('3f5bda7c65d19b3150177b4a5a9711ce211fcdb59cd735104a81b054d4bbb945463feb36a96a5a7d', 44, 2, NULL, '[]', 0, '2021-10-26 04:15:28', '2021-10-26 04:15:28', '2022-10-26 09:15:28'),
('3fafdf4165cc204e3fdb965ad1f26b1e6d1097733ede4632f2c06ab99faabee06319deec30d60767', 10, 2, NULL, '[]', 0, '2021-09-29 00:57:34', '2021-09-29 00:57:34', '2022-09-29 05:57:34'),
('3fc16934d50c727f7932dfa1386850e59a5be20bf303715ce3f035425b79445698f1dd46abfb7936', 1, 2, NULL, '[]', 0, '2021-09-27 05:08:47', '2021-09-27 05:08:47', '2022-09-27 10:08:47'),
('3fefac6a24e8766ab1484a5f4ab7147e9531d5cad59e5aa547083b5e0d6e1fe98b69f01396d8fb18', 37, 2, NULL, '[]', 0, '2021-10-28 04:46:30', '2021-10-28 04:46:30', '2022-10-28 09:46:30'),
('402505b7f1209277375243bab3b081374e80305addaaeea03448c1e801059213c27bb2b8e8baf6d4', 37, 2, NULL, '[]', 0, '2021-10-28 04:38:00', '2021-10-28 04:38:00', '2022-10-28 09:38:00'),
('40484e0ce50de09a215b3943b9e98a507f19e0d4cb1774822743b520ae8b3cb7b5306164bc5cf4da', 4, 2, NULL, '[]', 0, '2021-10-21 08:25:21', '2021-10-21 08:25:21', '2022-10-21 13:25:21'),
('41cbc902650536407f7fd37ba85444ce5dcf61f8285bb8aea1a711a26824e9b4eb8a9b1ac9983e21', 1, 2, NULL, '[]', 0, '2021-09-14 04:54:29', '2021-09-14 04:54:29', '2022-09-14 09:54:29'),
('424f4f1915fe3846bb003d45cd5668c657af15932029ba373f7f655e79690fecb4135b614975e968', 1, 2, NULL, '[]', 0, '2021-10-27 11:55:16', '2021-10-27 11:55:16', '2022-10-27 16:55:16'),
('429aa15ea8f902773695ce25c91a69b66e5e586c5c5a75b59391c4d283f092dbbacc155493b2b819', 1, 2, NULL, '[]', 0, '2021-09-28 23:58:11', '2021-09-28 23:58:11', '2022-09-29 04:58:11'),
('438dd270781a072154d481fafdf80d7938016865c6f5769f6306df7f9335ac87d0bc6d02f25d49b1', 2, 2, NULL, '[]', 0, '2021-10-25 08:18:09', '2021-10-25 08:18:09', '2022-10-25 13:18:09'),
('44335609ecb86feaa20be789bca8ebe7f782200727fdb6db08b4b23af43aecdc649f4aef6d2f460f', 2, 2, NULL, '[]', 0, '2021-09-26 23:28:11', '2021-09-26 23:28:11', '2022-09-27 04:28:11'),
('45c36b74d7ef99295ea7330d56558b3ca25f1c0a1e56d950eb28ded6786d9081e6a67590bee38a57', 2, 2, NULL, '[]', 0, '2021-09-27 00:01:52', '2021-09-27 00:01:52', '2022-09-27 05:01:52'),
('467740caa583bfd8b0779629ceb4870d48867680817dc5bf55496212c4c703b737880790e8f2ac8b', 1, 2, NULL, '[]', 0, '2021-09-14 03:32:32', '2021-09-14 03:32:32', '2022-09-14 08:32:32'),
('473334f54c54409a46012032feeef9c5a8935061e2bec2687e3bac4b2c17418773e4e20a58854b02', 37, 2, NULL, '[]', 0, '2021-10-25 06:54:26', '2021-10-25 06:54:26', '2022-10-25 11:54:26'),
('47d61b57983af7fec80d3892d85f1ca3ea808d5ef14d291e60f74359ddbfa6572313b4035a493dbd', 37, 2, NULL, '[]', 0, '2021-10-25 12:31:34', '2021-10-25 12:31:34', '2022-10-25 17:31:34'),
('47eb9c0bba576ca67a39019b4761b7cdc434eb01001db1c638d1d4155d29e8409818415ee2708120', 2, 2, NULL, '[]', 0, '2021-09-26 23:28:10', '2021-09-26 23:28:10', '2022-09-27 04:28:10'),
('492790cb3e99a24b29d3f814821f1e141f362f75851edeb08d9b7510541b1c78497275ed0e874317', 1, 2, NULL, '[]', 0, '2021-09-07 06:01:58', '2021-09-07 06:01:58', '2022-09-07 11:01:58'),
('492ea6b7c6a66a35367922a113937663da63a76e0526133c75f4cf92cac8a132f8a488fcb8be583a', 4, 2, NULL, '[]', 0, '2021-10-20 17:14:00', '2021-10-20 17:14:00', '2022-10-20 22:14:00'),
('49bb5e5ff3a51f9f6284d468716e93ac2a2d5f666df4ce4c3809a195747a94d0341fdc7e96086d2b', 2, 2, NULL, '[]', 0, '2021-09-27 05:09:22', '2021-09-27 05:09:22', '2022-09-27 10:09:22'),
('4a2b4036f8850dba0dbcfb0533987becb56fa105c120f3f30a51ba423bc0111f0fd9d50f37346fcf', 4, 2, NULL, '[]', 0, '2021-10-28 11:38:27', '2021-10-28 11:38:27', '2022-10-28 16:38:27'),
('4b1ce9793e853e7f7da756bf633206882233114c37a58accf1bc142655980e50cbf9cddba7f843c4', 10, 2, NULL, '[]', 0, '2021-09-30 00:21:43', '2021-09-30 00:21:43', '2022-09-30 05:21:43'),
('4b4708ae1ae887fea70439a4a9e30328ea476a91a31953cdf5a974cc675f8a8dcb5066d9fe20ebb7', 4, 2, NULL, '[]', 0, '2021-09-29 03:32:14', '2021-09-29 03:32:14', '2022-09-29 08:32:14'),
('4c186f7dcad01c624624f409df4b6e3d562f706e5fee7cdbc66a3bf3a7f6ac2103857d74eeecd768', 47, 2, NULL, '[]', 0, '2021-10-25 14:45:04', '2021-10-25 14:45:04', '2022-10-25 19:45:04'),
('4c7b3a3aa4a4b9dd4d9e0d1a889fcc64f5ed6dda163c1c8775694ce2ebc5b45c32c059f49956dba9', 2, 2, NULL, '[]', 0, '2021-09-28 02:35:30', '2021-09-28 02:35:30', '2022-09-28 07:35:30'),
('4d7d0045fcdde977c27e47667fdbe95316d10653449d811cf158348341c2341e58f641e6a58507db', 4, 2, NULL, '[]', 0, '2021-10-19 04:33:30', '2021-10-19 04:33:30', '2022-10-19 09:33:30'),
('4e9848f92e393ecadd623b00393f7601b6935f27606687ce6178a350ba638d1f4f98c0c22695b895', 4, 2, NULL, '[]', 0, '2021-10-20 05:48:40', '2021-10-20 05:48:40', '2022-10-20 10:48:40'),
('4ec7b6091d3b6d918b38346626a3b80c68bfc91f9caa2fe7ed666de4363006429179cf0aaa6b7bbb', 1, 2, NULL, '[]', 0, '2021-09-24 05:23:00', '2021-09-24 05:23:00', '2022-09-24 10:23:00'),
('4f3902a78752b14e04633c2df3b9de35da198d5c9a05b9ff01eaf9a8a79ce0f4826a95891b951841', 4, 2, NULL, '[]', 0, '2021-09-28 06:24:50', '2021-09-28 06:24:50', '2022-09-28 11:24:50'),
('4fbc7b418a1194f98cbd5592910ba0449081b2738ba791281618f9aa889279fab63d9562cd16a929', 1, 2, NULL, '[]', 0, '2021-10-25 06:32:01', '2021-10-25 06:32:01', '2022-10-25 11:32:01'),
('511fa2340462f02b1d7e7cf08fe09528ea2da93080d700f26f181e1af000694db75ec811d505622e', 1, 2, NULL, '[]', 0, '2021-09-14 21:33:35', '2021-09-14 21:33:35', '2022-09-15 02:33:35'),
('51b93e144c4f4d741b141add68dd08b482826786731afa29093457bad90889bfa8a5f1ccd306a650', 1, 2, NULL, '[]', 0, '2021-09-07 06:33:39', '2021-09-07 06:33:39', '2022-09-07 11:33:39'),
('51f0ecfbc9d60a3b56691d91a0df56b0fe8b90b70a4f68d4b263ab98423af55410236b00e072b8a1', 1, 2, NULL, '[]', 0, '2021-09-30 00:22:21', '2021-09-30 00:22:21', '2022-09-30 05:22:21'),
('52840e28dea36801eb99b55bee7092281736682e7b99b1b4de44c75d8a389fec386bb0333019afff', 1, 2, NULL, '[]', 0, '2021-09-27 00:17:50', '2021-09-27 00:17:50', '2022-09-27 05:17:50'),
('528cef3c0d616e85eeb8c6620f4f633c01f839b673fe8bc4cd5c0465274df1b1e51ab8e309bf43e8', 1, 2, NULL, '[]', 0, '2021-09-14 06:32:32', '2021-09-14 06:32:32', '2022-09-14 11:32:32'),
('5301967482054a20797ace2964050354aafd3a2f4df6f3e794fb8c0aeecced55e3eaab81a658bd43', 4, 2, NULL, '[]', 0, '2021-10-21 05:32:00', '2021-10-21 05:32:00', '2022-10-21 10:32:00'),
('5323e78d2be4930129f4331b29975323724c6cd4b9095e2fec79dce8073248929a1f9467d45b057c', 4, 2, NULL, '[]', 0, '2021-10-20 17:19:22', '2021-10-20 17:19:22', '2022-10-20 22:19:22'),
('534e101aa9756caa3fe85cd0344e7eda0636d6263e3e441712f995e066fc88e6112058c6c61510f9', 4, 2, NULL, '[]', 0, '2021-10-29 11:45:58', '2021-10-29 11:45:58', '2022-10-29 16:45:58'),
('54a89ec18808e4b00c8024a76b8e5055ed9e99865ab540f701045049b87945e7685b0ee6b5fafcea', 2, 2, NULL, '[]', 0, '2021-09-26 23:45:44', '2021-09-26 23:45:44', '2022-09-27 04:45:44'),
('555c811d5436e07b37cefc3b1ff267ff50347056d282a257bfbacd0d6fdb06e8692b92f47baec89a', 37, 2, NULL, '[]', 0, '2021-10-25 12:41:43', '2021-10-25 12:41:43', '2022-10-25 17:41:43'),
('556a1f33f15977a6b29b0dc9077d4f6d53e1092301e09b7abcc0e44e6cb307bf6346b41de34b4cc8', 1, 2, NULL, '[]', 0, '2021-09-14 06:23:55', '2021-09-14 06:23:55', '2022-09-14 11:23:55'),
('55a5ab0fa15b8b46c882c97498519c58ee92cba47fa5a689ac3b4d6291c5cbefab0eeafa66e491c7', 1, 2, NULL, '[]', 0, '2021-09-14 03:31:31', '2021-09-14 03:31:31', '2022-09-14 08:31:31'),
('55bc835ef5a4fd7e85cdfe8d241576563e9d1d3934ee1acd86a8f29eb1ff760b6e819ff60e6e9da4', 1, 2, NULL, '[]', 0, '2021-09-07 06:34:50', '2021-09-07 06:34:50', '2022-09-07 11:34:50'),
('55d03c20c1a6a597e15e2796ff9e76dfaa52fbe78b29250d7c2222a827bfe7a1da5beb670affa136', 1, 2, NULL, '[]', 0, '2021-09-28 00:37:43', '2021-09-28 00:37:43', '2022-09-28 05:37:43'),
('56086e849275609627c491d55b5c2b259d6596d16f0b0c4ac6e95036227b0abba690444318aadafd', 4, 2, NULL, '[]', 0, '2021-10-21 05:25:11', '2021-10-21 05:25:11', '2022-10-21 10:25:11'),
('56a0fd23dd35a9cc7c27558684712b43ba988b2baf46819d1740d5143cbaf9cbea47ca44fe16d7b0', 37, 2, NULL, '[]', 0, '2021-10-25 10:54:59', '2021-10-25 10:54:59', '2022-10-25 15:54:59'),
('56dda1384f65c938857bb31da7c72a8a4b72253585bb047790cdb0839f62b66035eb1ba2b624e446', 1, 2, NULL, '[]', 0, '2021-09-27 22:52:11', '2021-09-27 22:52:11', '2022-09-28 03:52:11'),
('5725b5c7ba8ca3f5136a7d16e7f69e5841d9e8a9a54df85573444d168a5afccfd3b78cdc46146ce0', 1, 2, NULL, '[]', 0, '2021-09-24 05:23:02', '2021-09-24 05:23:02', '2022-09-24 10:23:02'),
('57696f4f388a1ae2f7c79179c774fb2267a5d1851604dd93577b41447e8217582b3897defcd6fb55', 4, 2, NULL, '[]', 0, '2021-09-28 06:28:44', '2021-09-28 06:28:44', '2022-09-28 11:28:44'),
('58ff0baff4e5c9d86c0f5532beed5d8595caedfdda2a17849c5eded787d622637e44981186b07e66', 1, 2, NULL, '[]', 0, '2021-10-20 04:41:22', '2021-10-20 04:41:22', '2022-10-20 09:41:22'),
('59d4be3742e1e35899eb1ec504a451e628e117e97b0850f09d5d3698c596967ab6100babc44d3bbb', 5, 2, NULL, '[]', 0, '2021-09-26 23:24:54', '2021-09-26 23:24:54', '2022-09-27 04:24:54'),
('59e87f9d5f0d3a28e63b008f8e2a7f5227d7ced8ffec487be4952726fb41658620bd3963c181ef35', 1, 2, NULL, '[]', 0, '2021-10-28 06:07:48', '2021-10-28 06:07:48', '2022-10-28 11:07:48'),
('5a03380ed59d9cc035fa0502eb2debb8cdb7c888c9378c68f0506a091b1f3cae55165dea43df209b', 1, 2, NULL, '[]', 0, '2021-09-27 01:07:19', '2021-09-27 01:07:19', '2022-09-27 06:07:19'),
('5adaa453f53a4ab21665c35bad956c14bf669b3519df7eaabc2260d72837c7e40847e47abc305a2d', 2, 2, NULL, '[]', 0, '2021-09-26 23:36:38', '2021-09-26 23:36:38', '2022-09-27 04:36:38'),
('5aed59123476d8e9e7ffb78c88b26d3d6e3e29904fc9021affeb432eb945b458200ae014ba9e3fa4', 1, 2, NULL, '[]', 0, '2021-09-14 06:34:35', '2021-09-14 06:34:35', '2022-09-14 11:34:35'),
('5af5a5b0cbf3b94211a1e8f0d588aed66d7cd80ebe8b491bf5c2a27234e00aad66d738f2f177b443', 2, 2, NULL, '[]', 0, '2021-09-26 22:54:42', '2021-09-26 22:54:42', '2022-09-27 03:54:42'),
('5b3a1292361598b80c18180b342187d11c0471a46d42e5ef0be4ce6d1c1249d920da5b070d494d5b', 5, 2, NULL, '[]', 0, '2021-09-26 23:28:24', '2021-09-26 23:28:24', '2022-09-27 04:28:24'),
('5d1979c9f12fa5bfd9592ac084d7e1bd3355972d5f140cee2af6e4f6164ebf574f9f21b5fba9cade', 9, 2, NULL, '[]', 0, '2021-09-30 00:22:44', '2021-09-30 00:22:44', '2022-09-30 05:22:44'),
('5d47d12c1a4abd69047c1eb629c2153c17eef47c06de83490d47cf00ce5763932cea7ba3fab105fd', 4, 2, NULL, '[]', 0, '2021-09-29 03:32:13', '2021-09-29 03:32:13', '2022-09-29 08:32:13'),
('5d677d3e8c67cf6e09a9af0596d690c385fa3f18ab689dfde73c3a6e55c01f53fa6d388cba09a4ee', 2, 2, NULL, '[]', 0, '2021-09-26 23:26:55', '2021-09-26 23:26:55', '2022-09-27 04:26:55'),
('60254c63b9e3c7b4fd02e06980e185a317b3f9b674494380f1395dfce46bf25eb45b343c59af4a7d', 1, 2, NULL, '[]', 0, '2021-09-26 22:15:59', '2021-09-26 22:15:59', '2022-09-27 03:15:59'),
('602f1a2f196bf856b798b5e386bf61fb9fe5fe6c2f9059f5374acc567e285daa18c720b88daf2a55', 44, 2, NULL, '[]', 0, '2021-10-26 06:26:56', '2021-10-26 06:26:56', '2022-10-26 11:26:56'),
('610127a0b3c9657bb4cb938a83dede4ebb0c449b8b8706fa9b4bf299495426eac6160ffe253293ac', 4, 2, NULL, '[]', 0, '2021-10-25 09:06:31', '2021-10-25 09:06:31', '2022-10-25 14:06:31'),
('61bfdfb0256344f2e1dd775d1f383c08fc7b1d2a1908075258821821a62431737fb9bea4952d9fde', 1, 2, NULL, '[]', 0, '2021-09-27 01:45:45', '2021-09-27 01:45:45', '2022-09-27 06:45:45'),
('6239a4fbe8cf5f34aaf4be8260ef3f3fe9f58108892d958812d1ab264e8572d5e290f774a847622b', 1, 2, NULL, '[]', 0, '2021-09-27 22:55:20', '2021-09-27 22:55:20', '2022-09-28 03:55:20'),
('6305f95ef0f305a363d926b7a550ee1130481748768769cc6bf58705586fb38be8e9a6f08cad73bb', 4, 2, NULL, '[]', 0, '2021-10-29 04:16:30', '2021-10-29 04:16:30', '2022-10-29 09:16:30'),
('63499c8be44cc4e0bb4cccfa70d8a7a0e06dcb892b9cafcba21f31241dcb1914484cb06567b7d6e5', 4, 2, NULL, '[]', 0, '2021-10-20 06:58:20', '2021-10-20 06:58:20', '2022-10-20 11:58:20'),
('63949cefd685f823e7747b954fce874ec4490475c2d08574fd59aa9daf33634ec21b86fb778b6b57', 1, 2, NULL, '[]', 0, '2021-09-14 06:26:28', '2021-09-14 06:26:28', '2022-09-14 11:26:28'),
('63bc1b9b3dd4cd50fd7cb997ecf575b9963e98fd17c41cc36cdf3ad48092e716b3aebc3832e918d7', 4, 2, NULL, '[]', 0, '2021-10-26 11:21:14', '2021-10-26 11:21:14', '2022-10-26 16:21:14'),
('63df7d7df143656f66f2e9dce86f2f6931e4d58469207c61765ec72a76f4b3c32359e166f5c55e28', 4, 2, NULL, '[]', 0, '2021-10-25 13:27:52', '2021-10-25 13:27:52', '2022-10-25 18:27:52'),
('63e119b6fa324cafebee69efae1578c2f76fa5496ee73acdb8dd19fbd51633fbaf5e3a11f47c2ddb', 37, 2, NULL, '[]', 0, '2021-10-25 06:49:27', '2021-10-25 06:49:27', '2022-10-25 11:49:27'),
('64ba8b9e79e30a671cced9c5acb90fa450ca7098efeb03a7f6594a68cda20725f3be44ca7d34754f', 4, 2, NULL, '[]', 0, '2021-09-28 22:06:53', '2021-09-28 22:06:53', '2022-09-29 03:06:53'),
('656d7aff7d6e55624fa1171c53e479dc4c84d31b8c92515f2a1d8c022707b626b00b97581c6d007a', 2, 2, NULL, '[]', 0, '2021-09-27 00:47:15', '2021-09-27 00:47:15', '2022-09-27 05:47:15'),
('65b8b626fa08ec694772e1187d08d280133461586b895d3e8d621adf5c1d4a5a3497390880ec292d', 1, 2, NULL, '[]', 0, '2021-09-17 07:24:24', '2021-09-17 07:24:24', '2022-09-17 12:24:24'),
('66728a391cce2ebb1622b32ee2f477b750a0ca41aa39e7c0c020c667e3d58e5cd8261090ea58e536', 1, 2, NULL, '[]', 0, '2021-10-27 09:52:46', '2021-10-27 09:52:46', '2022-10-27 14:52:46'),
('66ab7776ce05db95abcb159ef57f8863631d56907c4d9e466256ed892a2ce1e05ba21d468f5ddc66', 4, 2, NULL, '[]', 0, '2021-10-21 05:22:43', '2021-10-21 05:22:43', '2022-10-21 10:22:43'),
('6835fb842ec49da09661b819b498664d90848ff0738b404e5be7b889da8b8a73a88ac640b77ae5c4', 2, 2, NULL, '[]', 0, '2021-09-26 23:28:11', '2021-09-26 23:28:11', '2022-09-27 04:28:11'),
('68eaee6b6f42d4a0d63ff50612932c10a691988dfeebb56ca885f7d6799f589e5a7c381a20e7379a', 1, 2, NULL, '[]', 0, '2021-09-07 06:04:20', '2021-09-07 06:04:20', '2022-09-07 11:04:20'),
('6ab563c3266d7f84732166621381166019502e79d2f1532f007e9d4ab8d0474771f8dceacd3b0fce', 1, 2, NULL, '[]', 0, '2021-09-28 06:24:31', '2021-09-28 06:24:31', '2022-09-28 11:24:31'),
('6ba7b1a67f04c640b6256d1434b18bc2a6078c561b503a26730a1a53cf6356e02ae40163e8254ef8', 2, 2, NULL, '[]', 0, '2021-09-26 23:57:11', '2021-09-26 23:57:11', '2022-09-27 04:57:11'),
('6becc45cc625538074c0e1baa81715da4453396f7c165acc1fb3e7889961cec908861f8344f8150e', 1, 2, NULL, '[]', 0, '2021-09-28 03:11:10', '2021-09-28 03:11:10', '2022-09-28 08:11:10'),
('6c8697cf75dab0546613a7183a96eadaf5781bc258c4d01418563036356938b3bf344218f242a3bb', 1, 2, NULL, '[]', 0, '2021-09-14 06:24:43', '2021-09-14 06:24:43', '2022-09-14 11:24:43'),
('6c9565b2563440e37610c75977e58e9f36e354b90582e35cc2528366a8b986e0d2e929ff76757cbb', 1, 2, NULL, '[]', 0, '2021-09-26 23:29:05', '2021-09-26 23:29:05', '2022-09-27 04:29:05'),
('6c9980bae92fc72635ef4987617bec8f06189883e59f1bc207b4a5ea3e8af64937fdd36b0725b2be', 1, 2, NULL, '[]', 0, '2021-10-25 13:09:09', '2021-10-25 13:09:09', '2022-10-25 18:09:09'),
('6cbd7ad0b2434a91b4147906b53edd19193f17636db572344eeb1a2b1a200135c73fecd6911101f2', 4, 2, NULL, '[]', 0, '2021-10-22 05:08:34', '2021-10-22 05:08:34', '2022-10-22 10:08:34'),
('6cec3369671fad8f16b14d8e998b19ec6258e2de7acb3b8a025e14fb0cbd7699d885f731a0db6aab', 2, 2, NULL, '[]', 0, '2021-09-26 23:28:11', '2021-09-26 23:28:11', '2022-09-27 04:28:11'),
('6d47f75c595675a605185bcad41cbab245fb536b0bc80fab6392519dbb4e6a9e649cade3b7c2b239', 37, 2, NULL, '[]', 0, '2021-10-25 09:49:16', '2021-10-25 09:49:16', '2022-10-25 14:49:16'),
('6da3fb60d83839f08fc2b76fafc193682e772bac9ab56dd4dee933c42859e3247abc06ee664a26c9', 1, 2, NULL, '[]', 0, '2021-09-26 23:17:55', '2021-09-26 23:17:55', '2022-09-27 04:17:55'),
('6db21137747fe8c1ebfe12fef967692600fee829a105aba5ff96a948f291dd0077ed239d365d640c', 2, 2, NULL, '[]', 0, '2021-09-26 23:31:46', '2021-09-26 23:31:46', '2022-09-27 04:31:46'),
('6e476a1c1d2db04f2ebf6fccf8c698055465eef9572b2811594b5fb163a5c9905972ddc8784478a7', 1, 2, NULL, '[]', 0, '2021-10-22 04:02:50', '2021-10-22 04:02:50', '2022-10-22 09:02:50'),
('6e4fe604d5db9889c18379b76555e2f1832e0821474e6abf99f6f078f80846fa98aed831741c94b3', 1, 2, NULL, '[]', 0, '2021-09-14 03:43:32', '2021-09-14 03:43:32', '2022-09-14 08:43:32'),
('6e803ed7375ef719894e15cee204cf49d7406c86f9e12d329e53cfd29ed5e32ef298bfe6d085e314', 4, 2, NULL, '[]', 0, '2021-09-27 00:44:49', '2021-09-27 00:44:49', '2022-09-27 05:44:49'),
('6eebca6f8a57415a5448cb85ac1d6f63f8bc3a927f632d9c204737348041ac965f70a9a2459211c3', 1, 2, NULL, '[]', 0, '2021-09-14 03:35:15', '2021-09-14 03:35:15', '2022-09-14 08:35:15'),
('6f4080dc4026d85215dadcddd34ae058977120a1d6cdf6b894d1a9f84cecd8c25f278804564004e5', 4, 2, NULL, '[]', 0, '2021-10-22 05:02:05', '2021-10-22 05:02:05', '2022-10-22 10:02:05'),
('6f79722934ae8f10b559771d487e9718310e021f37e8bf04887bd0514ac279ea10f07ddda4e3d2d2', 4, 2, NULL, '[]', 0, '2021-10-20 17:17:47', '2021-10-20 17:17:47', '2022-10-20 22:17:47'),
('7013ed3962dcd64e769e504e4721a2a49000a22ed68effe949ed599fc0dc94573e906e0f3127f5db', 4, 2, NULL, '[]', 0, '2021-10-26 08:18:25', '2021-10-26 08:18:25', '2022-10-26 13:18:25'),
('703e882f98f79d3fe1434718d3866b0547aaf6f662de8ebdffd9a6d7c18a9cd9d70ba10129de8eff', 1, 2, NULL, '[]', 0, '2021-10-25 06:32:15', '2021-10-25 06:32:15', '2022-10-25 11:32:15'),
('71702a6d03e6cd9ecdb437350cfe9c74fa516e74b2dbbb039f557784ddf93bbcb945997f363d212b', 1, 2, NULL, '[]', 0, '2021-09-28 02:40:14', '2021-09-28 02:40:14', '2022-09-28 07:40:14'),
('729247485e09c39bff90d777ab4c3a1a377b0cff189ad870a1a85afc504202990ee69831c83fda0e', 4, 2, NULL, '[]', 0, '2021-10-20 04:43:46', '2021-10-20 04:43:46', '2022-10-20 09:43:46'),
('72a3cfd83a55fe89f315081a4e750ef9cbfa1065f1e1bd3ef35cd185d3287fb47e0cbfbc02125166', 2, 2, NULL, '[]', 0, '2021-09-26 23:33:56', '2021-09-26 23:33:56', '2022-09-27 04:33:56'),
('730c7eae75b6e159f68cd4ce367dddf2d78331cdb19a0018eefb8eb07bc55265c276bfd310783398', 10, 2, NULL, '[]', 0, '2021-09-29 01:46:02', '2021-09-29 01:46:02', '2022-09-29 06:46:02'),
('734f60d1aad48485d08f03ec5e171cd5decebf3ffe4052029d3e3fb8397cde390f4a6ac3a254981c', 4, 2, NULL, '[]', 0, '2021-10-29 09:24:47', '2021-10-29 09:24:47', '2022-10-29 14:24:47'),
('735cd074bb3ec9daa861b80d14de2d16ced2ab047b7d8aeb741815e4f7182e811b93434a54fe98b9', 44, 2, NULL, '[]', 0, '2021-10-26 08:23:42', '2021-10-26 08:23:42', '2022-10-26 13:23:42'),
('7527d55f907e327228d1a98ef1c124f3930015cc2c69b163f57860a990b240335b7dfaf213c516cb', 1, 2, NULL, '[]', 0, '2021-09-27 05:40:50', '2021-09-27 05:40:50', '2022-09-27 10:40:50'),
('765c69865714a71ebe929a811673a7ae51eb7b00cdbaf12bd9651887cd0a03c7ec9d3eade359ff36', 1, 2, NULL, '[]', 0, '2021-09-07 06:02:38', '2021-09-07 06:02:38', '2022-09-07 11:02:38'),
('76ba4c409f9abde34e6eeff6f62faff49b4d09fadf99b1a89997a794d2a60c261a7cabfb4dd4a734', 2, 2, NULL, '[]', 0, '2021-09-27 00:29:47', '2021-09-27 00:29:47', '2022-09-27 05:29:47'),
('76c78cde3f63ad2ed7b90112b75d3ed38d276f96cbc00b911417012f754d454cb04095cc4bc518f4', 37, 2, NULL, '[]', 0, '2021-10-25 09:33:59', '2021-10-25 09:33:59', '2022-10-25 14:33:59'),
('76cc52962266ac541ef154bf152fe69be841fba6d4b341d4ea39b18fe31a3564a30e1a258a4eba13', 37, 2, NULL, '[]', 0, '2021-10-26 03:41:53', '2021-10-26 03:41:53', '2022-10-26 08:41:53'),
('770f8f5b311245e01af30d11775bdb3f98a9091cc88c8f59724f69f337f44144df55ef2e3a2759d9', 4, 2, NULL, '[]', 0, '2021-10-26 17:07:52', '2021-10-26 17:07:52', '2022-10-26 22:07:52'),
('779740b1f72f467fa86b98ab00e1dc2cf93e4e86595c6656d8cd53555ebc3a2e23993f9c2f8e38c3', 37, 2, NULL, '[]', 0, '2021-10-25 13:29:02', '2021-10-25 13:29:02', '2022-10-25 18:29:02'),
('781462e78079ec6f26ab3b6a13bb54e8a62dc31c4e4915258c16053437d863a3ec45c09b825805e9', 1, 2, NULL, '[]', 0, '2021-09-27 01:28:08', '2021-09-27 01:28:08', '2022-09-27 06:28:08'),
('7919228f6eb5cfcd48f4d539cf392ec056c8454c8f58c4e1c251d165116621f9d6026ff2e2f4e721', 2, 2, NULL, '[]', 0, '2021-09-27 05:04:37', '2021-09-27 05:04:37', '2022-09-27 10:04:37'),
('7950bfa89134c237ca7352f925dd4719c10914b973447c7c4f8cdcd92a81ee6ef868f01cad3142e4', 1, 2, NULL, '[]', 0, '2021-09-07 06:44:54', '2021-09-07 06:44:54', '2022-09-07 11:44:54'),
('79634e6cb6a34689a725f6c15e68826d5eefe79fb1f5d051cfa8c57eb8ac5ddaa9ff7f216d531e10', 4, 2, NULL, '[]', 0, '2021-09-28 04:17:57', '2021-09-28 04:17:57', '2022-09-28 09:17:57'),
('7967a95fc7bbddb6083ea6cd6e63d845e0c596acf7cb7ff8bbd7b1b59e39ebc93d95007931354a3c', 1, 2, NULL, '[]', 0, '2021-09-27 00:40:08', '2021-09-27 00:40:08', '2022-09-27 05:40:08'),
('7a5542256d390899fdf7a893ea9b14b7eedcd26fad53fb473b5507c33a41a710fad4007e4e43b364', 1, 2, NULL, '[]', 0, '2021-09-23 23:11:35', '2021-09-23 23:11:35', '2022-09-24 04:11:35'),
('7a7baba03d58aa246fe79c2bdcbb55aa0c6899aa7203e68d9f22ce91448655baf74b32fa926497d4', 1, 2, NULL, '[]', 0, '2021-09-14 03:43:54', '2021-09-14 03:43:54', '2022-09-14 08:43:54'),
('7b151567c1388e4ac8a18b37d9a00ffcdb03ec01ef3b7887c07a376125927927be8bd4a777b78ffb', 2, 2, NULL, '[]', 0, '2021-09-26 23:17:09', '2021-09-26 23:17:09', '2022-09-27 04:17:09'),
('7b1e1bc2d8e49028eb8f5effd5f1a245c640e2620c5a5a8b242149c5f47aae812b7b199724988907', 1, 2, NULL, '[]', 0, '2021-10-27 09:53:18', '2021-10-27 09:53:18', '2022-10-27 14:53:18'),
('7c17a4bd0b92a1fd6903048719151bfba3f7e6b024febb3fea6cc80ae479d3c2110af12c34223e39', 1, 2, NULL, '[]', 0, '2021-09-07 06:45:44', '2021-09-07 06:45:44', '2022-09-07 11:45:44'),
('7d9b8d5195d2061f3d35fa308e10635152358186859f7ce8f241eab051c6ad98cd21b489a22c6465', 1, 2, NULL, '[]', 0, '2021-09-27 00:38:59', '2021-09-27 00:38:59', '2022-09-27 05:38:59'),
('7da142a66a27a3e0c8dbfa72006b5debbc088937049991f7474e12f5272e03459236e4e22f3a9bd2', 2, 2, NULL, '[]', 0, '2021-09-26 23:45:16', '2021-09-26 23:45:16', '2022-09-27 04:45:16'),
('7dcb6be09083d7620b493e9651545132c8c7ad1b7cbf9a5d44d7f2b327d8ae4e07a6faa605cff57d', 1, 2, NULL, '[]', 0, '2021-09-28 06:37:35', '2021-09-28 06:37:35', '2022-09-28 11:37:35'),
('7e9fa57212aaad1bc76c9309501d261c7c40fdd98b191e26a91c65f0b133a3ac7b17a4eb5128f9d9', 8, 2, NULL, '[]', 0, '2021-10-25 09:46:34', '2021-10-25 09:46:34', '2022-10-25 14:46:34'),
('7f3438d804c0815c9ea5cb0b8cbd72020128141dbe4e707310721d48649e08e9bdf747031a389933', 1, 2, NULL, '[]', 0, '2021-09-14 03:48:34', '2021-09-14 03:48:34', '2022-09-14 08:48:34'),
('80610d0e2bf4ea6b67b4c8863256122167e8a589cdf323c153933bf3ff11ac949bb008531c04ba3c', 1, 2, NULL, '[]', 0, '2021-09-23 07:02:17', '2021-09-23 07:02:17', '2022-09-23 12:02:17'),
('8066a4e86df6942bb46e3d6ba8c523c2fb74b41e37aff4af2f1b576a669b6ab62813c573b45ac8f3', 1, 2, NULL, '[]', 0, '2021-09-29 00:23:10', '2021-09-29 00:23:10', '2022-09-29 05:23:10'),
('8091224bd1b5c00f89b5e3e6d55cb32dad5e5dc06d0d9b2f69187b08a69ed2ef1935294f33b26f3f', 9, 2, NULL, '[]', 0, '2021-09-29 00:19:09', '2021-09-29 00:19:09', '2022-09-29 05:19:09'),
('81094c30f1c6c0570352312dee4fd681f86b4d316314cccc5885240fca0d90c3be99f3a1cc00996a', 4, 2, NULL, '[]', 0, '2021-09-28 23:06:02', '2021-09-28 23:06:02', '2022-09-29 04:06:02'),
('8181b8b0b54d86cfe1512f83da52148a6ae1398a6fba48744374deddd92438d406e53ad2ba5522c2', 1, 2, NULL, '[]', 0, '2021-09-14 06:27:28', '2021-09-14 06:27:28', '2022-09-14 11:27:28'),
('839de6fdcfc79168c5309cc06314ce75dae363505b1cedea26f43329df8627451c989b5f831a5312', 2, 2, NULL, '[]', 0, '2021-10-28 04:28:53', '2021-10-28 04:28:53', '2022-10-28 09:28:53'),
('83aaa68119c388f007a752bf3b747fcfec4d249d40add60036295d50d286920f456de5d366278fb0', 1, 2, NULL, '[]', 0, '2021-09-28 00:38:50', '2021-09-28 00:38:50', '2022-09-28 05:38:50'),
('84599da13e1f4f781642f10af0d9af516c55ccd5603df27ce3e30d65b0c14f9d1c448a3aeb0146b6', 4, 2, NULL, '[]', 0, '2021-10-26 06:52:38', '2021-10-26 06:52:38', '2022-10-26 11:52:38'),
('84d2ba15ee39f4b3855aeb07479e353378449510ca77cd13c6cca2ae89ab4c44f7ed6645c36911c9', 2, 2, NULL, '[]', 0, '2021-09-27 22:59:48', '2021-09-27 22:59:48', '2022-09-28 03:59:48'),
('854350bf64051a9403da3cf7b80bccbc198ba81a0dcd86dc0ac38933d895fe46cb1dafdba5d47440', 1, 2, NULL, '[]', 0, '2021-09-14 06:28:42', '2021-09-14 06:28:42', '2022-09-14 11:28:42'),
('86156dbc56430e33632c7078b070641da3fb0c37bc005a564840238c1fa19a153296471995b54a1f', 37, 2, NULL, '[]', 0, '2021-10-25 09:09:21', '2021-10-25 09:09:21', '2022-10-25 14:09:21'),
('865a34e49e67c6f67eef998f2a4c1d64e1301e85ff008f932127ac60517b4b2ccb80b7f07b44e502', 4, 2, NULL, '[]', 0, '2021-09-26 23:54:26', '2021-09-26 23:54:26', '2022-09-27 04:54:26'),
('8753cd1f17c8a286215b6e61157d5dbf77ea9cfffbdb2a4108f41a6a8fa301552e59b8f7ebc48f2c', 37, 2, NULL, '[]', 0, '2021-10-25 09:45:56', '2021-10-25 09:45:56', '2022-10-25 14:45:56'),
('876a9dacfd085f67d5f293eaae94e4a0b19795ab3445b49fd5a904bd87ea6e0fe904a309efc6bb91', 1, 2, NULL, '[]', 0, '2021-09-14 06:31:14', '2021-09-14 06:31:14', '2022-09-14 11:31:14'),
('87a072ffbf07a8fd39fa734f14f322c6ffadec1db3da7bd29159d627059d120555f96066d1c5ee90', 1, 2, NULL, '[]', 0, '2021-09-07 06:33:34', '2021-09-07 06:33:34', '2022-09-07 11:33:34'),
('88b1039f39d0d972ee9dbb1cb2996d84da8ae88500a34a7f8de1b344f2df4b2d8d626f8088a0800a', 2, 2, NULL, '[]', 0, '2021-09-27 00:17:30', '2021-09-27 00:17:30', '2022-09-27 05:17:30'),
('88b19821d853b198327f55d80486e80c2f953e4e47b7e999c60ef45e547502a246c1fc1aadd6fd62', 37, 2, NULL, '[]', 0, '2021-10-28 03:42:59', '2021-10-28 03:42:59', '2022-10-28 08:42:59'),
('898a23ca60b7eac6a94287155f7004976f6bd43086ac92c64a9086920149b7a2d8942a2b0e6a0989', 1, 2, NULL, '[]', 0, '2021-09-28 03:08:08', '2021-09-28 03:08:08', '2022-09-28 08:08:08'),
('89cd13446fe596aa7f12d3439f5ad993abd2a7f0400237aa09203afd67b7c34fafcf11e9f187ef27', 37, 2, NULL, '[]', 0, '2021-10-25 09:08:15', '2021-10-25 09:08:15', '2022-10-25 14:08:15'),
('8a22d7a86b5944203abd92730d4229775657c76ccce741e1afe8de8282b4bb3ddaf41602ddde8c6a', 1, 2, NULL, '[]', 0, '2021-09-25 21:48:31', '2021-09-25 21:48:31', '2022-09-26 02:48:31'),
('8aaf863f49a42faeb50494f3ee13ea4c704b1b4c7e62e47c87086f8c943ff8322af3fe548cc395c6', 4, 2, NULL, '[]', 0, '2021-10-21 09:46:25', '2021-10-21 09:46:25', '2022-10-21 14:46:25'),
('8c81881b1cc039a7513452a01df9da7538467e5d05ed1e96d80910ccf40aeff9027daed0629fd360', 1, 2, NULL, '[]', 0, '2021-09-14 05:02:24', '2021-09-14 05:02:24', '2022-09-14 10:02:24'),
('8c81a252a3923acf9188c79423bd3db093145eb279c267b96d3d69a5be7a75c989a1d00ce630acba', 8, 2, NULL, '[]', 0, '2021-09-28 22:45:34', '2021-09-28 22:45:34', '2022-09-29 03:45:34'),
('8cde8d3d2106b0775946c80ec482052b28a1a40713184df847bf5cbf2b740967b502cced4911ef12', 5, 2, NULL, '[]', 0, '2021-09-26 23:19:53', '2021-09-26 23:19:53', '2022-09-27 04:19:53'),
('8d31225d81c1f762145768fc2e8e47d68e547dd9ffbfe28aef6ae83c3d873b4a8e6bbd891b06e34f', 10, 2, NULL, '[]', 0, '2021-09-30 00:18:33', '2021-09-30 00:18:33', '2022-09-30 05:18:33'),
('8e07949fce9bf6b11bc5206631929f0b4e879a239d3b8cf2ab0408b2fde001ea74c5b583ee10faaa', 4, 2, NULL, '[]', 0, '2021-10-20 04:40:39', '2021-10-20 04:40:39', '2022-10-20 09:40:39'),
('8f01fd09a21c24e837a8b684f21e63ecc14e448909b847e42d3c6c4247d0c5bce2ce6097489da5e1', 1, 2, NULL, '[]', 0, '2021-09-14 04:59:06', '2021-09-14 04:59:06', '2022-09-14 09:59:06'),
('9023e8728bf48d21ba70a3fe99620d9515e2e8d9ac13040d08557bbe103a8396e2dcbc8c21e315dd', 4, 2, NULL, '[]', 0, '2021-10-26 05:54:29', '2021-10-26 05:54:29', '2022-10-26 10:54:29'),
('9027dc0678f427d0a23a3d02344ffae2c1c4a87f9539f6c7cac68fbbd2a16248f23ead9cd54f5e7b', 1, 2, NULL, '[]', 0, '2021-09-24 05:23:02', '2021-09-24 05:23:02', '2022-09-24 10:23:02'),
('9099396e93e3b7118d593ca55a703895516c2a53af26c5b182cc1cf81f31f5845c59e4113c956ab0', 2, 2, NULL, '[]', 0, '2021-09-26 23:36:13', '2021-09-26 23:36:13', '2022-09-27 04:36:13'),
('90cea0a3f3405bcc466f1e9941fbc7fdacf64e11e7d256fa13378f595726dec448ef245afdd9da7c', 1, 2, NULL, '[]', 0, '2021-09-07 06:03:36', '2021-09-07 06:03:36', '2022-09-07 11:03:36'),
('90e329583239e0bbaa506de9dc919b5fd9477cd6b309608a0a1a4d29aa782a57651789607f61f9cc', 6, 2, NULL, '[]', 0, '2021-09-28 03:00:47', '2021-09-28 03:00:47', '2022-09-28 08:00:47'),
('90fa8bc974c78dca47915b8bcd938a6109acdc32b4e522c185c959d075253da386b7ba8bce7fe4f7', 2, 2, NULL, '[]', 0, '2021-09-26 23:28:13', '2021-09-26 23:28:13', '2022-09-27 04:28:13');
INSERT INTO `oauth_access_tokens` (`id`, `user_id`, `client_id`, `name`, `scopes`, `revoked`, `created_at`, `updated_at`, `expires_at`) VALUES
('9103a39d8c282c52dc84d5b045fd68d64bfae3ebacead138846621406fcacbb7da7f60367fb3863c', 1, 2, NULL, '[]', 0, '2021-09-28 06:30:21', '2021-09-28 06:30:21', '2022-09-28 11:30:21'),
('92782f40ef20d0fa15ec8757f11e25af5b1405706e268663da9b69a24838ccc5a074d0ecf8d5cff8', 1, 2, NULL, '[]', 0, '2021-09-24 06:58:48', '2021-09-24 06:58:48', '2022-09-24 11:58:48'),
('932ffec8969b5733485e7f584edd099deabd1113f07a95fba2ff833ca5e8f136a17db5357089a1d5', 4, 2, NULL, '[]', 0, '2021-10-20 06:56:06', '2021-10-20 06:56:06', '2022-10-20 11:56:06'),
('93a2f5f10de0692a872e4b08abeaf7011975b1e523c41c653a52ba7f850c815d66a30b90f4920b1a', 2, 2, NULL, '[]', 0, '2021-09-26 23:28:13', '2021-09-26 23:28:13', '2022-09-27 04:28:13'),
('93e4e1966090493b8f9ccbc05621e5670225fa1328ccb6d0cf867ccf38b35fbe80ea913239cad7ec', 1, 2, NULL, '[]', 0, '2021-09-14 06:24:56', '2021-09-14 06:24:56', '2022-09-14 11:24:56'),
('93e7ff6115894ca8cc6740c29d5a98ef8e074a9d61fc1c09ad2de734ad33bd7fda028bd00fb648ed', 10, 2, NULL, '[]', 0, '2021-09-29 00:23:07', '2021-09-29 00:23:07', '2022-09-29 05:23:07'),
('93ffc307008942013943bb0a47fd6af4b94aa8d25abcee2c9e049a01d03a916fd2922c3ee11ad5db', 1, 2, NULL, '[]', 0, '2021-09-22 22:10:08', '2021-09-22 22:10:08', '2022-09-23 03:10:08'),
('945585a7bec1c940865a11a7f9b577a26af6b5eb9be087be1df2fd3588cb0baf4be23b8352c9183b', 2, 2, NULL, '[]', 0, '2021-09-27 00:13:32', '2021-09-27 00:13:32', '2022-09-27 05:13:32'),
('9541966d7f8902e0b772363dca7193b1ffd7c246692c3f65381cfaf349d8dfd21e162a2808c324b2', 2, 2, NULL, '[]', 0, '2021-09-26 23:28:15', '2021-09-26 23:28:15', '2022-09-27 04:28:15'),
('95c266aa88212bf30ece06910d76b70e9a2304561129184041be06da83ba903a9af4a5ed0bd267a4', 1, 2, NULL, '[]', 0, '2021-09-07 06:45:10', '2021-09-07 06:45:10', '2022-09-07 11:45:10'),
('96a6ebdad7f12b664fe7c1bd8ac111edb70f14960c04095457eebb12da6e501b69f4dc1028a47114', 1, 2, NULL, '[]', 0, '2021-09-26 23:25:07', '2021-09-26 23:25:07', '2022-09-27 04:25:07'),
('96d957b035196b82e32527e9ae209d9951ca72d47dcdf5880536c4833feb7b3bde0697873a3fe4ef', 2, 2, NULL, '[]', 0, '2021-09-28 02:40:06', '2021-09-28 02:40:06', '2022-09-28 07:40:06'),
('9882643bdbe40d9a37b328f955fe1f0acdc5e4a78fd621e60a81e625f5211dd77030c35afb9e738b', 47, 2, NULL, '[]', 0, '2021-10-25 14:44:01', '2021-10-25 14:44:01', '2022-10-25 19:44:01'),
('98fa2776334233675d05a91499625c296ac5d9c3ab9dce9403c1db78e2c4c5c1270e075831f740e9', 37, 2, NULL, '[]', 0, '2021-10-25 09:29:04', '2021-10-25 09:29:04', '2022-10-25 14:29:04'),
('99d8dce546cdd632c3667ff01a93503a86214d7d96d592a567e513773e3a0a500c1d3b74a1501ec7', 1, 2, NULL, '[]', 0, '2021-09-07 06:00:29', '2021-09-07 06:00:29', '2022-09-07 11:00:29'),
('99e719084afa92bd9a8c466c0a0416a64255ece5d115ec906e608da048d610695273754f241c08c8', 1, 2, NULL, '[]', 0, '2021-09-14 03:30:58', '2021-09-14 03:30:58', '2022-09-14 08:30:58'),
('9ad1f9d85c7d53d8c22f8ff1b3fc6c28c2d2b4062d6dfdc31a663adbef3c7ffb9cb6c4e790bc6ff8', 1, 2, NULL, '[]', 0, '2021-09-14 23:11:50', '2021-09-14 23:11:50', '2022-09-15 04:11:50'),
('9b0b34f8707f1bb26939bdc86efab9c1deaa43374ae2d3cddf7e88196db48d36a497d301e343b1cb', 4, 2, NULL, '[]', 0, '2021-09-29 03:20:13', '2021-09-29 03:20:13', '2022-09-29 08:20:13'),
('9b0ea4987264364c9bd745f80a815de218277247f64a9cb012c552eac33e8d2d65b836cb6d761395', 44, 2, NULL, '[]', 0, '2021-10-26 04:27:45', '2021-10-26 04:27:45', '2022-10-26 09:27:45'),
('9bc5e1847b9c07fbb06ec98a007c025d8c22af01984d5d3847dfec19814c192441592c46e28e4d34', 4, 2, NULL, '[]', 0, '2021-10-29 06:39:25', '2021-10-29 06:39:25', '2022-10-29 11:39:25'),
('9c5ccd070fd58d790c1345b352ff4afc7ae4b91b556962c74ce4b8ea1ce168bbb4c9117c96ed0c0b', 1, 2, NULL, '[]', 0, '2021-09-23 23:43:10', '2021-09-23 23:43:10', '2022-09-24 04:43:10'),
('9ceed2885b522029dde0235a0e0e2c5f30b5b9e3cb2cea1015b4683531f33fcd42bb296289f4e0af', 4, 2, NULL, '[]', 0, '2021-10-26 08:31:22', '2021-10-26 08:31:22', '2022-10-26 13:31:22'),
('9e7645fe31d49cb49c73dfb7e871db9070b50a95bb229b4bc57d202f54d6c84d29c919fe66292d9b', 1, 2, NULL, '[]', 0, '2021-09-26 23:18:30', '2021-09-26 23:18:30', '2022-09-27 04:18:30'),
('9e95be08e4a1d869899069eb13e6d6eb6259575059c2af917c62e215927c77db17ec3223587496fa', 4, 2, NULL, '[]', 0, '2021-09-28 22:56:06', '2021-09-28 22:56:06', '2022-09-29 03:56:06'),
('9f00382b5662079685e14e233d25fea347308fc20896c175cd90fca854e9f63c4a070cf76020f812', 5, 2, NULL, '[]', 0, '2021-09-28 02:53:18', '2021-09-28 02:53:18', '2022-09-28 07:53:18'),
('a03ee1a93002a14b39589f234f9ebbd22857d2dced535f8295d3d76439dfd7e901a4b377673759fc', 1, 2, NULL, '[]', 0, '2021-09-29 04:44:27', '2021-09-29 04:44:27', '2022-09-29 09:44:27'),
('a071c70031f7c35b6c7b15e07d5aa6d9bc9bcb49f912fe281173151ad1ce15f66339205a9c4923cb', 4, 2, NULL, '[]', 0, '2021-10-25 12:41:34', '2021-10-25 12:41:34', '2022-10-25 17:41:34'),
('a0816411349a79d72031d45ad9647713221944cb591c95bb34038fd6c8a46537d2a6b84f3da7c43a', 1, 2, NULL, '[]', 0, '2021-09-24 06:29:35', '2021-09-24 06:29:35', '2022-09-24 11:29:35'),
('a19f135d9fc02633f0e0c37c75379359f026bc5f78088785eb8b8481cbfab13ffb3b126df1e5bf00', 2, 2, NULL, '[]', 0, '2021-09-26 23:28:11', '2021-09-26 23:28:11', '2022-09-27 04:28:11'),
('a2635a0dd2101b8e5bda2cbb85b2c7406a5257d626ffa4760513e3b37902c4008ed4ca79f92c38a5', 37, 2, NULL, '[]', 0, '2021-10-28 04:28:57', '2021-10-28 04:28:57', '2022-10-28 09:28:57'),
('a44e77304e51083bb025813f051337fcddfff6d0820d84c99b15f85678e28d1e3c8c86e9f3c720cb', 4, 2, NULL, '[]', 0, '2021-10-28 11:35:45', '2021-10-28 11:35:45', '2022-10-28 16:35:45'),
('a49803f312bf7262a77d759fe1dee5937a49da8894b66f2833b73d772cffef4e5fdacf580b14dce0', 1, 2, NULL, '[]', 0, '2021-09-27 00:38:21', '2021-09-27 00:38:21', '2022-09-27 05:38:21'),
('a52912ed536ea337cedb6c67f9dfe2f4ddd1a71fd4be347db4282505b2b34767cf163d7c69285619', 8, 2, NULL, '[]', 0, '2021-10-25 09:48:51', '2021-10-25 09:48:51', '2022-10-25 14:48:51'),
('a5374002d935512ede4c12a97e31abfd099fd62ec0730d576df10b4c54a93d7ff0bdce4dbb55b386', 4, 2, NULL, '[]', 0, '2021-10-20 17:15:11', '2021-10-20 17:15:11', '2022-10-20 22:15:11'),
('a5dca51166435544349b9146f2c0f29ef6a989afb468c84c11308336aafccae559f38bd7e08d02db', 1, 2, NULL, '[]', 0, '2021-09-14 06:23:35', '2021-09-14 06:23:35', '2022-09-14 11:23:35'),
('a628b4c556639159d24af5e53d554888cd69b0fb1e4baf62ff17e6eddc14d1faaf1a34347e71b76b', 4, 2, NULL, '[]', 0, '2021-10-29 06:19:46', '2021-10-29 06:19:46', '2022-10-29 11:19:46'),
('a6d667e08e7f1d264fc38909894e059e582f630ce36149231e22c943d30145d8bf8079b5659a386c', 4, 2, NULL, '[]', 0, '2021-10-27 03:30:02', '2021-10-27 03:30:02', '2022-10-27 08:30:02'),
('a6fb351e2143e5180d208eff2996726325d69a0bb08784307ee001efca0c3215dce9e8e61c68af03', 4, 2, NULL, '[]', 0, '2021-10-25 13:11:45', '2021-10-25 13:11:45', '2022-10-25 18:11:45'),
('a78787d4021b41e26e54c330d2d31551ec05b8200d0afad1c46e8129cc396efd8436080115e63795', 1, 2, NULL, '[]', 0, '2021-10-26 03:16:04', '2021-10-26 03:16:04', '2022-10-26 08:16:04'),
('a79e39e47437ed3cc3b37b6083820137493cfb3199ba80d3b674f2062b237a8e466104ee2442e509', 4, 2, NULL, '[]', 0, '2021-10-26 06:40:55', '2021-10-26 06:40:55', '2022-10-26 11:40:55'),
('a9bada9748ab0fb41eea800ce06e2aa28d84b0bca419ffb6ba1152152a3558dd458a6c270efafc46', 1, 2, NULL, '[]', 0, '2021-09-14 03:35:25', '2021-09-14 03:35:25', '2022-09-14 08:35:25'),
('a9eef1e6d9e8b3936a15552476d3ea4d06f29e8aac2934af5f162f405339ae9f358c8514aecf2da0', 37, 2, NULL, '[]', 0, '2021-10-26 03:47:12', '2021-10-26 03:47:12', '2022-10-26 08:47:12'),
('aa772ec9d3e11dd7a91060e0279ae0d2822e83873dc9fcb37edb92f738e2af1aec8aecb2f6d1d2f8', 8, 2, NULL, '[]', 0, '2021-10-25 09:42:18', '2021-10-25 09:42:18', '2022-10-25 14:42:18'),
('aabb8c2b9306c1d317c89d1070b94b325fc0c2f6c79e7e71fb0ece08e09efea903cf54bb8484010c', 1, 2, NULL, '[]', 0, '2021-09-27 05:25:48', '2021-09-27 05:25:48', '2022-09-27 10:25:48'),
('ab18346f888a45f01f8118fda7a2853b5e952b278d916bdaa876a8ca4cfac330ed0ab8ba812e215b', 4, 2, NULL, '[]', 0, '2021-10-25 14:55:42', '2021-10-25 14:55:42', '2022-10-25 19:55:42'),
('abc20ebfbc1ac48f3eaf8df0fc6abe3fb07b31872108d7ac08ce170a8785570645d8835eca18be42', 4, 2, NULL, '[]', 0, '2021-10-25 12:40:40', '2021-10-25 12:40:40', '2022-10-25 17:40:40'),
('ac0c1e958ece4259f9b0fb3cee1af3d840a26afb496c183cc1cb20a620dc6e81419aaf09aaf871d2', 4, 2, NULL, '[]', 0, '2021-10-29 06:19:46', '2021-10-29 06:19:46', '2022-10-29 11:19:46'),
('acfe6d940a470fea0310a20665b4a0fb417564372df710211656ff204d07ddc86e7ae933c75200d5', 1, 2, NULL, '[]', 0, '2021-09-23 22:42:32', '2021-09-23 22:42:32', '2022-09-24 03:42:32'),
('adc2cfd3bc4844da6e44ee1001ce9149c475d03c04197be189f1304396bc13fcc317ba79aee59527', 2, 2, NULL, '[]', 0, '2021-09-26 23:28:10', '2021-09-26 23:28:10', '2022-09-27 04:28:10'),
('addbd2e4f97ca1525b3f8fc3686e7885f26c5b2d31fd0222cd73a800b454c1e2f978ff10e8bbccd0', 44, 2, NULL, '[]', 0, '2021-10-26 04:28:16', '2021-10-26 04:28:16', '2022-10-26 09:28:16'),
('af0994f5f7ecaab06e1a16d9075d54ce55a8ccc533edb7618a0f8abed19c336de79e6daefe7e5fbc', 1, 2, NULL, '[]', 0, '2021-10-22 05:18:35', '2021-10-22 05:18:35', '2022-10-22 10:18:35'),
('b10f7bc7e4ce90105832d0a25a3522d57b1b965f9db984d95147c3e69855f245dfdcdd8e364b98ef', 4, 2, NULL, '[]', 0, '2021-10-26 06:33:29', '2021-10-26 06:33:29', '2022-10-26 11:33:29'),
('b14fb25dd7c59a1f6008aaa41e9e3e2ec3e11588b6500cd1b9adfc3fe372e014ed812617fc0441f1', 37, 2, NULL, '[]', 0, '2021-10-25 09:42:45', '2021-10-25 09:42:45', '2022-10-25 14:42:45'),
('b158f1c62344966d9dde205497bf89c03713b0851837f7eaaf680cda06554570134cc9671282ddca', 9, 2, NULL, '[]', 0, '2021-09-29 01:34:23', '2021-09-29 01:34:23', '2022-09-29 06:34:23'),
('b2163936b828a693b4eed57db54e642fa1fb95adb25c655b0b84f90b8eb8d7152398fab4c41bbb2f', 1, 2, NULL, '[]', 0, '2021-09-14 23:38:14', '2021-09-14 23:38:14', '2022-09-15 04:38:14'),
('b2c575b4a7f79ba973a2661f86ea818c87dcc983c9b8ccb236c9ec24b4230c8d40f4d1b3d70dc092', 1, 2, NULL, '[]', 0, '2021-09-14 06:25:15', '2021-09-14 06:25:15', '2022-09-14 11:25:15'),
('b2e9761cb5b88e9aa9b5073284c8141851cdb3a98fac2a44375b2649ca2e745bfed4f3ddd1255695', 37, 2, NULL, '[]', 0, '2021-10-28 05:32:39', '2021-10-28 05:32:39', '2022-10-28 10:32:39'),
('b4b3b53a11af4ef792f7122aa8d6715284f61744b0e7f4261e76590e235211005b70d43f6727d94d', 1, 2, NULL, '[]', 0, '2021-09-22 01:40:18', '2021-09-22 01:40:18', '2022-09-22 06:40:18'),
('b54d20a30e67911c4a5e97ac2de731bdd4738c553c2046dfa8f9e8b8c166812ad272f7892cb77f58', 1, 2, NULL, '[]', 0, '2021-10-21 03:41:29', '2021-10-21 03:41:29', '2022-10-21 08:41:29'),
('b59aca1e2544d0d9c3868aacf2136e025f7edffc0f1d6a84545af0fe5a6a2079e9faa82567c1174e', 1, 2, NULL, '[]', 0, '2021-09-23 07:05:22', '2021-09-23 07:05:22', '2022-09-23 12:05:22'),
('b5edb58dbebc73d15ceb6fa9e0f626cc88e3e7be7ef7b10214178e5a1541c96b8926fd14568c82f6', 1, 2, NULL, '[]', 0, '2021-09-28 06:33:24', '2021-09-28 06:33:24', '2022-09-28 11:33:24'),
('b60e6883e2cf361b8f07978a9d5a859cc8346cf54cc81d87507e50a31704564f39f2f84ea02c98be', 8, 2, NULL, '[]', 0, '2021-10-26 03:52:20', '2021-10-26 03:52:20', '2022-10-26 08:52:20'),
('b6f3f21d582bca3cc960bca0df82cfd339e40a5111d234ce9e36cc08acf20b5d653427acc679e45a', 1, 2, NULL, '[]', 0, '2021-09-23 23:11:35', '2021-09-23 23:11:35', '2022-09-24 04:11:35'),
('b72ecfcdc583139f39a3ebb5f5530c975d02d81378a1a88c8187000af5fa8b178ea34effe9c33a92', 2, 2, NULL, '[]', 0, '2021-09-29 00:33:15', '2021-09-29 00:33:15', '2022-09-29 05:33:15'),
('b775dbd156dbb2fec3239042be4661ff724af773b9e259e334435cd5b009c71cb7b0b5dbd84a5124', 4, 2, NULL, '[]', 0, '2021-10-28 09:55:38', '2021-10-28 09:55:38', '2022-10-28 14:55:38'),
('b81588848ddb3415487b311ae1cf0b619a1bdb5a147ed0d7218da1052ab3cdfc95dffa9daa254c5c', 2, 2, NULL, '[]', 0, '2021-09-26 23:28:14', '2021-09-26 23:28:14', '2022-09-27 04:28:14'),
('b895719537d45481b622975080009075ec3e9d3109ff7b495f4a9a3d4a6df5b4e7f0d7091bf78b89', 1, 2, NULL, '[]', 0, '2021-09-14 03:33:46', '2021-09-14 03:33:46', '2022-09-14 08:33:46'),
('b941cba9112886371de32cc4627538b03a48320b684b5c9aee2d010798516797bb700c968f04a70d', 1, 2, NULL, '[]', 0, '2021-09-07 06:43:17', '2021-09-07 06:43:17', '2022-09-07 11:43:17'),
('b9426bda381d6563ceef6e50283191649543ae0a6390ac196a5c16565a3dcb0daee408f6307c9dab', 4, 2, NULL, '[]', 0, '2021-09-28 06:29:03', '2021-09-28 06:29:03', '2022-09-28 11:29:03'),
('b9541e2a2f62a8615be8dd018b4b364121d3944b714ef4d07dd85e7e498e3bc412c52cb641571cf1', 1, 2, NULL, '[]', 0, '2021-09-22 05:03:36', '2021-09-22 05:03:36', '2022-09-22 10:03:36'),
('b9b71e09f9b0890e1d7e4b3446e81f3c0a747ba851619ac155269f7b4787afd2abaed4e7ba880714', 37, 2, NULL, '[]', 0, '2021-10-28 04:57:34', '2021-10-28 04:57:34', '2022-10-28 09:57:34'),
('b9d9decb41ee983fbf3eff59a339d44a3a9d4b5e4c3d036ccf90486f62cb42c09bfa07160e2ac2f5', 4, 2, NULL, '[]', 0, '2021-09-29 03:25:36', '2021-09-29 03:25:36', '2022-09-29 08:25:36'),
('ba9793e991782db07ff5df1511fe24954786da8c48a0f7ed6b2b9c60eb4e9277efc4e7af4bcc5d2e', 44, 2, NULL, '[]', 0, '2021-10-26 05:25:35', '2021-10-26 05:25:35', '2022-10-26 10:25:35'),
('bafe2200fe4539531dabcd6c657dc975b12878a5a5080f3d78bfe87652f536592a294d9fd00fa69e', 1, 2, NULL, '[]', 0, '2021-09-14 04:54:48', '2021-09-14 04:54:48', '2022-09-14 09:54:48'),
('bbe1f0e276d34feabbda79053a1310a1e23d4de8ebbf2d876810fa1b72cc956c82837ad570aa7080', 1, 2, NULL, '[]', 0, '2021-10-28 06:27:14', '2021-10-28 06:27:14', '2022-10-28 11:27:14'),
('bc5a24a8ab0ec3c9391b6061c1b2ac52223ab77cf8a7f75e00fbaa660ad9817ccfa66979e892f2a6', 1, 2, NULL, '[]', 0, '2021-09-07 07:35:49', '2021-09-07 07:35:49', '2022-09-07 12:35:49'),
('bc8d6f09b3893eea7c07feb8bff65b94af740b4b594916f69d43351dbb26ac2ce89662645801ef95', 11, 2, NULL, '[]', 0, '2021-09-30 00:11:36', '2021-09-30 00:11:36', '2022-09-30 05:11:36'),
('bce90c207aed2526653716a3e8113e3e4b2a7aa6fb58fa49c43222e9484ac51a21ecb68fe17a2531', 4, 2, NULL, '[]', 0, '2021-09-28 04:35:12', '2021-09-28 04:35:12', '2022-09-28 09:35:12'),
('bd8c29bebe0227c2a42d9d74999552039942fa3602203a307b95b059639197aa19df7e8cf02bde28', 5, 2, NULL, '[]', 0, '2021-09-27 00:17:04', '2021-09-27 00:17:04', '2022-09-27 05:17:04'),
('bdb40b8d2c8f3922ac8ef53fc09a217d235c72207d40d7b0a2576c18fd653592ef5e2302a8a8927c', 1, 2, NULL, '[]', 0, '2021-09-07 06:02:43', '2021-09-07 06:02:43', '2022-09-07 11:02:43'),
('bf1d42f4955d49da435463285fa88920ba63c17231b3b802477a91e83491f9265077db5a0e2ca907', 47, 2, NULL, '[]', 0, '2021-10-25 14:54:44', '2021-10-25 14:54:44', '2022-10-25 19:54:44'),
('c10eb159f272cb95d40f97d30256053dbf1be2f9c21a08f6829366dc858f917309bd77ae2552f9d5', 1, 2, NULL, '[]', 0, '2021-09-07 06:32:56', '2021-09-07 06:32:56', '2022-09-07 11:32:56'),
('c1d3038247ba2a47f4cb5e7d35f36c40a1ad2ce7a08ef53b4ff62697f8bae269709011ace78f3496', 1, 2, NULL, '[]', 0, '2021-10-22 03:42:47', '2021-10-22 03:42:47', '2022-10-22 08:42:47'),
('c22ea950ddb23d8bd501da481396e25b621707e5f8b1b44b869b7bf5e4f3316c518926ba681cf6d6', 11, 2, NULL, '[]', 0, '2021-09-30 00:18:19', '2021-09-30 00:18:19', '2022-09-30 05:18:19'),
('c29e167a1caf11bcbfd56e07a6e51a2ce1f148178c84f37107af83cbee0ab33eb380f9d87202d05f', 1, 2, NULL, '[]', 0, '2021-09-07 06:03:18', '2021-09-07 06:03:18', '2022-09-07 11:03:18'),
('c3e6c8f5155a42a2bb70391d014f4e1864db89c495c28343bdc72ebe950ee9e6b4eac043e2252953', 1, 2, NULL, '[]', 0, '2021-09-30 00:42:17', '2021-09-30 00:42:17', '2022-09-30 05:42:17'),
('c5cb356df21217dbbd807387a7e331d4dd9bf9dcf31aee62008cce3f53cc0b09fce4337a10348e5a', 1, 2, NULL, '[]', 0, '2021-09-14 06:32:51', '2021-09-14 06:32:51', '2022-09-14 11:32:51'),
('c5e5a9e2c70329406eb5d94f30fbdfb04daa3c856b596a0bdfe2c2b1888a57fc0dc9fd7962309f71', 4, 2, NULL, '[]', 0, '2021-10-21 03:41:55', '2021-10-21 03:41:55', '2022-10-21 08:41:55'),
('c617c172f9b1c15078ba9f6fdf18960f15f235d0eb99bb5892ef998d4e6197e2be4a6976f97d67b9', 9, 2, NULL, '[]', 0, '2021-09-30 00:40:42', '2021-09-30 00:40:42', '2022-09-30 05:40:42'),
('c7821e3516e45f6bd2e61e03939b1424c124c4f55635aa1b3337e584c443506920dcf6e06258c994', 1, 2, NULL, '[]', 0, '2021-09-28 06:32:09', '2021-09-28 06:32:09', '2022-09-28 11:32:09'),
('c78b0f5525e56e738c85618c9873e08b513805703fc588e5901446621a79e35bd71967b324df3747', 2, 2, NULL, '[]', 0, '2021-09-26 23:28:12', '2021-09-26 23:28:12', '2022-09-27 04:28:12'),
('c7f7937853cbf4f8165144ee4f70c86ab5dec6128650fdd778635b6584154ae85986b27bb80f9479', 4, 2, NULL, '[]', 0, '2021-10-28 03:17:07', '2021-10-28 03:17:07', '2022-10-28 08:17:07'),
('c9013a63472dd4244481ded79f9d15e3f86ae77a8d33e6a0d7c33c70bde66d6e328fa9196f010d89', 2, 2, NULL, '[]', 0, '2021-09-28 23:54:45', '2021-09-28 23:54:45', '2022-09-29 04:54:45'),
('c91ab17d14c8280256a6312f3002e216ed62811a9064ea4aca982fee7eaeabad27c5d48f497cb1b5', 1, 2, NULL, '[]', 0, '2021-09-14 03:34:57', '2021-09-14 03:34:57', '2022-09-14 08:34:57'),
('c936425a5b01ea77c62e0b193d97b3fb1fa5a5e80561d87c3009a61228752e4276e9634be2802a70', 8, 2, NULL, '[]', 0, '2021-10-26 03:52:17', '2021-10-26 03:52:17', '2022-10-26 08:52:17'),
('c96e088ff8d76730ad1c264be7b6e85286da759d8bf352822c6a04ab56a6b0e9b9ee8f3ad6ee8a42', 8, 2, NULL, '[]', 0, '2021-10-25 12:41:58', '2021-10-25 12:41:58', '2022-10-25 17:41:58'),
('c99f9047d13f627aa14042d6e234c61e0962ee4e7b21e4bc7342d62df845451ac782a006ad950343', 4, 2, NULL, '[]', 0, '2021-10-26 06:54:15', '2021-10-26 06:54:15', '2022-10-26 11:54:15'),
('c9a28038322641fb4d72030ae9ca712101973f8d675e8a7943b3e4f235e8c0323a27410a13493eca', 2, 2, NULL, '[]', 0, '2021-09-27 00:37:48', '2021-09-27 00:37:48', '2022-09-27 05:37:48'),
('cb5921c3e91bc9d368a22846bb69153800516a7845bf03c8f0766a3173097c9ac8be2ab24315f21d', 2, 2, NULL, '[]', 0, '2021-09-27 02:46:18', '2021-09-27 02:46:18', '2022-09-27 07:46:18'),
('cb7c1cb1f7ca76fcf0a65dd8726708e5b4987b6aa7e6fce77f71844085a43bb16a46b161bfe8e54b', 4, 2, NULL, '[]', 0, '2021-10-26 06:25:47', '2021-10-26 06:25:47', '2022-10-26 11:25:47'),
('cbd2f71faa3fd09bbac9b920b399b11f538eab91de46697535abe0e89db48c845b952e4dd47ac689', 4, 2, NULL, '[]', 0, '2021-10-28 03:05:14', '2021-10-28 03:05:14', '2022-10-28 08:05:14'),
('cca78a26e88f0829a4345333de6f97a617a8790607eb9e84a960b68509b9ce26eeb7071d3adfa895', 1, 2, NULL, '[]', 0, '2021-09-29 01:13:12', '2021-09-29 01:13:12', '2022-09-29 06:13:12'),
('cca7e1bd75615d594cd6c02b047f556e664a868918bad3781a3e51e9ce30715794a1b3cef9bcc837', 1, 2, NULL, '[]', 0, '2021-09-14 03:32:14', '2021-09-14 03:32:14', '2022-09-14 08:32:14'),
('ccc6a09ff9d2ad60cebf026f19080a5bcb46ac90fbd07024b6097205f8b490cfb022af51b8e7252b', 1, 2, NULL, '[]', 0, '2021-09-14 06:29:18', '2021-09-14 06:29:18', '2022-09-14 11:29:18'),
('cce60dcab221c6d66c7ac107d6506065c3985268df1791a7020dcb613ba429aa14b6292ecbd76222', 4, 2, NULL, '[]', 0, '2021-10-27 03:33:37', '2021-10-27 03:33:37', '2022-10-27 08:33:37'),
('cd14cb40b2c946d63ab687f50a84ebea2fd5f1afd178e1c25ba93ada2357408e06d27008ebbb39d4', 1, 2, NULL, '[]', 0, '2021-09-14 03:36:26', '2021-09-14 03:36:26', '2022-09-14 08:36:26'),
('ce4ff5d8667a03d625b7a2e0033a124d33687d6b130cbcfab27e757229da698d88295be36b376f93', 1, 2, NULL, '[]', 0, '2021-10-21 03:44:02', '2021-10-21 03:44:02', '2022-10-21 08:44:02'),
('ce7258bcc52302518d48721aad82af77b90a9edfb734a4fa65799db419fec68c37b831f19cdb0cc2', 2, 2, NULL, '[]', 0, '2021-09-27 00:26:56', '2021-09-27 00:26:56', '2022-09-27 05:26:56'),
('ceb69740cd558cf2b29576b20c0dda1396df6d9d25f99b0ab41b1b1564aa70f324a873cbbac7bf9c', 1, 2, NULL, '[]', 0, '2021-09-14 03:35:09', '2021-09-14 03:35:09', '2022-09-14 08:35:09'),
('ceb9e8569f3f95f929ea6c7cfcecdf6624468a651f3d22c182c62cc1b3632dada95c69b403817edd', 4, 2, NULL, '[]', 0, '2021-10-20 17:23:01', '2021-10-20 17:23:01', '2022-10-20 22:23:01'),
('ceeb5413548e4c13647ef01583a2f924ab7d4f70006afd0669ea66a4ed96531757770129db510fc1', 1, 2, NULL, '[]', 0, '2021-10-26 06:35:55', '2021-10-26 06:35:55', '2022-10-26 11:35:55'),
('d0041b63cf8e2b914a80fd50ea7b9c5e70e63546e6d3461c49494195cd3a3daf16d9ccc17e331a03', 4, 2, NULL, '[]', 0, '2021-10-25 06:22:35', '2021-10-25 06:22:35', '2022-10-25 11:22:35'),
('d033bea3130901df0ff4e08548e7817eee000d0ec7c681043d7839474f2ed73a7808dc4b1a2cc639', 1, 2, NULL, '[]', 0, '2021-09-27 22:43:42', '2021-09-27 22:43:42', '2022-09-28 03:43:42'),
('d1813a5ec863840a74ff199f2d913180092de92f7db498e359e5f17d78b31e483fedb7b998bc62a6', 9, 2, NULL, '[]', 0, '2021-09-30 00:12:05', '2021-09-30 00:12:05', '2022-09-30 05:12:05'),
('d264083e09039e6c650f0fef90c5aa02d033d0cd86ffe04ec19d15bd65cbaafaec462d95ad4c2b67', 1, 2, NULL, '[]', 0, '2021-09-07 06:34:33', '2021-09-07 06:34:33', '2022-09-07 11:34:33'),
('d31ed1de10fe0a0828dc05191facdc278b6557574745ebec8c8e1b4ef07f74a0b54b0a0be071b319', 4, 2, NULL, '[]', 0, '2021-10-25 13:11:45', '2021-10-25 13:11:45', '2022-10-25 18:11:45'),
('d459f699e4b3f4ea9fa5a79c8fc941ed62c7eebc6c11277e59180cd35b489f234d5d2e9b4e6fe3a5', 1, 2, NULL, '[]', 0, '2021-09-07 06:34:25', '2021-09-07 06:34:25', '2022-09-07 11:34:25'),
('d6b7f8d06062ee6ffe8a2d19e11d812f640d13402f7620c14bd7ba2a3171a0829cdb31ee0dcadd3c', 37, 2, NULL, '[]', 0, '2021-10-26 06:26:27', '2021-10-26 06:26:27', '2022-10-26 11:26:27'),
('d6b862fae9b4ca7c84e00d397fb151cd96bacb5e6a6d5cba8f929c99a6b95c849a3ff5495ad63907', 123, 2, NULL, '[]', 0, '2021-10-28 11:41:27', '2021-10-28 11:41:27', '2022-10-28 16:41:27'),
('d77d4d228c43ab5c4940458353dfd9d736de16cfad86ccc8d6b9326429f1b3e59fb609c58e540dc7', 37, 2, NULL, '[]', 0, '2021-10-25 05:22:05', '2021-10-25 05:22:05', '2022-10-25 10:22:05'),
('d7c9424e82a3a74961fb731f61257c4f39948bf6c1e689fa27a1c80b99afd2d652445fea25584f8a', 1, 2, NULL, '[]', 0, '2021-09-29 04:36:09', '2021-09-29 04:36:09', '2022-09-29 09:36:09'),
('d820b9713ebfe29e92c1e6e0cb2779c132729a5ad809205c171353619943282c7aa0cb4c3b407cf3', 1, 2, NULL, '[]', 0, '2021-09-14 06:33:42', '2021-09-14 06:33:42', '2022-09-14 11:33:42'),
('d8c6a530c6f2732d30d4d4432b4d0993238239c9fe59bc03217a127dadf7ac876a32db671540ac6a', 44, 2, NULL, '[]', 0, '2021-10-26 04:26:48', '2021-10-26 04:26:48', '2022-10-26 09:26:48'),
('d8eaf984fe6fbc09eb3e1861d6ddc04fb7ce4deab0c4307ce7258829e2b814608266732691e8cd0b', 1, 2, NULL, '[]', 0, '2021-09-14 23:11:59', '2021-09-14 23:11:59', '2022-09-15 04:11:59'),
('d9325b995a173869673c68e43d578e4fa0c0df32b15e621a36babbd0882785c063bbb70c2429fda9', 37, 2, NULL, '[]', 0, '2021-10-25 06:23:42', '2021-10-25 06:23:42', '2022-10-25 11:23:42'),
('d9b01a7a900510ef949bb3e6ba56db06d0df16395a6e80c1eeee74ca48fb086ac45bd43a47893d4f', 37, 2, NULL, '[]', 0, '2021-10-25 09:22:45', '2021-10-25 09:22:45', '2022-10-25 14:22:45'),
('d9bc459d104d6ff8dce657559d298a5a702cd6e8be84d63532a13e9c26d3d15691b8dc14da00fa9a', 1, 2, NULL, '[]', 0, '2021-09-27 06:35:39', '2021-09-27 06:35:39', '2022-09-27 11:35:39'),
('da7dab00475a0f794d741aad606d869c710cbbd7a342b412aa5fac3ed2da7665fd719d5e28701622', 1, 2, NULL, '[]', 0, '2021-09-14 23:45:00', '2021-09-14 23:45:00', '2022-09-15 04:45:00'),
('daa623a6470e10dfc29272298fd37f260808a0aa49e83d63c5c8e13cc884ee2142dc0cb47d7ae5db', 10, 2, NULL, '[]', 0, '2021-09-29 00:39:34', '2021-09-29 00:39:34', '2022-09-29 05:39:34'),
('db6468a07f07db5f3af3f320561047d53f3176110be505c2961c25f89879f3d8243d45ea690e4c98', 1, 2, NULL, '[]', 0, '2021-09-22 05:10:51', '2021-09-22 05:10:51', '2022-09-22 10:10:51'),
('db80699bdd14c29a5850e37e838f3eecd417b4c60fe026bc78147ee4fd8a3c9efbce89a26c8b288b', 5, 2, NULL, '[]', 0, '2021-09-26 23:19:18', '2021-09-26 23:19:18', '2022-09-27 04:19:18'),
('db91e82ddde719822de2e3c4928920db4ad46cdf37e99954357b054b867b2e3152f723268b5b6ab3', 4, 2, NULL, '[]', 0, '2021-10-20 17:21:26', '2021-10-20 17:21:26', '2022-10-20 22:21:26'),
('dc2ea2e5ce5da42b102e9ce97900a9a2e00cdec17d4801f4507ba2ecfe6d6a91859ff929a24d2d11', 4, 2, NULL, '[]', 0, '2021-10-28 05:31:43', '2021-10-28 05:31:43', '2022-10-28 10:31:43'),
('dc5a2e027c57f607e82a75d0e4fd00b6612d10d475323f3460a71815ba6083b59c17ac9f476cb498', 1, 2, NULL, '[]', 0, '2021-09-07 06:44:46', '2021-09-07 06:44:46', '2022-09-07 11:44:46'),
('de06428c7e4ef4024bd7057daf089b2a20d5bda660ea64cf8edf3c7c31e4942f7d3afc5372b8a808', 1, 2, NULL, '[]', 0, '2021-10-05 23:41:57', '2021-10-05 23:41:57', '2022-10-06 04:41:57'),
('de0ad237038d68187cc52a813f9aeeacf58499b9be1727cdb5d1800c94e0cd4a7071a3d27573d2cd', 37, 2, NULL, '[]', 0, '2021-10-26 03:17:34', '2021-10-26 03:17:34', '2022-10-26 08:17:34'),
('dea723b757311bd9a1f2c27862e03241851bb4ded054cf14b2e4842c517fbd7884b4b82abccfdd2d', 1, 2, NULL, '[]', 0, '2021-09-14 21:33:24', '2021-09-14 21:33:24', '2022-09-15 02:33:24'),
('dee971586053caf01756f227f32ceda4c3c57f3848cf66320d9c853652eb581792b563c046eef0f0', 2, 2, NULL, '[]', 0, '2021-09-26 23:28:13', '2021-09-26 23:28:13', '2022-09-27 04:28:13'),
('deed5c47f9b6054e371c60b67eeb18bae85bfde9ed57150fd65956e75a18004cad6e2b0a8464881d', 2, 2, NULL, '[]', 0, '2021-09-26 23:28:12', '2021-09-26 23:28:12', '2022-09-27 04:28:12'),
('e06ce72f9f1496b1aa0b80966c2e6fe7ca70840cd0d2122a78bc8b7939bb9170ee338d3c985daff8', 1, 2, NULL, '[]', 0, '2021-09-24 05:23:01', '2021-09-24 05:23:01', '2022-09-24 10:23:01'),
('e0860fab0fb50bcee4921ceb569a97ca8e48290613f202fc5f29653e9db29dfd458e444f9a338efd', 2, 2, NULL, '[]', 0, '2021-09-26 23:59:43', '2021-09-26 23:59:43', '2022-09-27 04:59:43'),
('e11fd74e4c9835461449d7fb3cd04d83862b8fb0449d5bef9d49726d05df747a6b81c04d4e725282', 4, 2, NULL, '[]', 0, '2021-09-29 00:32:31', '2021-09-29 00:32:31', '2022-09-29 05:32:31'),
('e1b890835477140472dea0088a85f1eed276554c2a1e0e3a0f80948f8ca423b1f6d09213ea2e7f6e', 1, 2, NULL, '[]', 0, '2021-09-26 23:35:00', '2021-09-26 23:35:00', '2022-09-27 04:35:00'),
('e304b5b52ff24c8d3693e993ae36f861164b7ccce489798725772c81c706507a604857d3372e6d5a', 1, 2, NULL, '[]', 0, '2021-09-29 22:42:52', '2021-09-29 22:42:52', '2022-09-30 03:42:52'),
('e386e8a298d35b12b3d4ccd1529b8e904c6c13bcd4adae4228101d95a8531693bee43114d3a602cb', 1, 2, NULL, '[]', 0, '2021-09-30 03:37:58', '2021-09-30 03:37:58', '2022-09-30 08:37:58'),
('e39d9e62e94ca46e8822ab7e7f820255073196c9b70d0b801f2c04f3b6d37f114cb65bc4617dd87e', 2, 2, NULL, '[]', 0, '2021-09-27 06:35:28', '2021-09-27 06:35:28', '2022-09-27 11:35:28'),
('e423ff91c2e03659600f04f74cbcf83d7289aed8d027608a382fba514b8e89a8435c1f45b982d25a', 4, 2, NULL, '[]', 0, '2021-10-04 04:19:26', '2021-10-04 04:19:26', '2022-10-04 09:19:26'),
('e43713493c7d0937295ec67d821728ffabb725684fe58701106261a9df37bd8a54c28fe832cdb659', 4, 2, NULL, '[]', 0, '2021-10-25 03:37:41', '2021-10-25 03:37:41', '2022-10-25 08:37:41'),
('e52571cd81aa3111f7d7c10d86d8dda86cdc13cbb12ebea1660e04bd50e5c3db16eb74d3e93cf962', 1, 2, NULL, '[]', 0, '2021-09-26 22:11:37', '2021-09-26 22:11:37', '2022-09-27 03:11:37'),
('e573ac39ac1e4b7e47ac43132773e4dda78385090ff5dda672371f48ad9e9cca3d4b621fc5ebe349', 1, 2, NULL, '[]', 0, '2021-10-22 03:43:00', '2021-10-22 03:43:00', '2022-10-22 08:43:00'),
('e7d7871b7914e678005555fff510a0ba0a777768ff17113248b1fba4b976d6955640c61872397b03', 1, 2, NULL, '[]', 0, '2021-09-22 03:15:46', '2021-09-22 03:15:46', '2022-09-22 08:15:46'),
('e872c1bbad9e2501e311dd99b70ff29f4330a232a64a675024a0b9f06070357c86fd8e9dc5d67018', 4, 2, NULL, '[]', 0, '2021-10-20 10:40:46', '2021-10-20 10:40:46', '2022-10-20 15:40:46'),
('e8a670e6bd99bed001f51de3e2e0fc8d62655ddb9aa95606c17edfed1aa1f4302d27b5d3db2ea5d6', 1, 2, NULL, '[]', 0, '2021-09-29 00:16:49', '2021-09-29 00:16:49', '2022-09-29 05:16:49'),
('e8ae1360418f912882035b3f919c01608dcb984605cc9094edc05849d7c58b3a4b77eff87a0ab52b', 8, 2, NULL, '[]', 0, '2021-10-28 05:21:10', '2021-10-28 05:21:10', '2022-10-28 10:21:10'),
('ea70ca33ce19b1fc13309bae375529b48ae33765503e054b72438f308e92cca46781819d3dcd8462', 1, 2, NULL, '[]', 0, '2021-09-15 00:36:07', '2021-09-15 00:36:07', '2022-09-15 05:36:07'),
('eb9b79efff4c58eb336cb9928e5b20f3d036163500ad4c9cb8fe118aace7e093a9060c899bfc1f83', 4, 2, NULL, '[]', 0, '2021-10-20 17:17:51', '2021-10-20 17:17:51', '2022-10-20 22:17:51'),
('eba8a875a16da3910d0d82a8e931618323176b7c79d05c66754ff47fbd9a1c9adbfc1fa346480315', 1, 2, NULL, '[]', 0, '2021-09-27 02:46:08', '2021-09-27 02:46:08', '2022-09-27 07:46:08'),
('ec5de1ba85f44d8ad72a23dacb3f0531066fcf05570e49ef2398b85bcff2b1b68163c00cb8e509bd', 1, 2, NULL, '[]', 0, '2021-10-21 03:41:54', '2021-10-21 03:41:54', '2022-10-21 08:41:54'),
('ec64e225c15e5dff43b416ec6a7533300e0176cabfe2742ef67672da68d6d24212791b796479bc99', 4, 2, NULL, '[]', 0, '2021-10-20 10:46:56', '2021-10-20 10:46:56', '2022-10-20 15:46:56'),
('ed2bbd508148f03c0fc0943e3d6af6aee21183fdbd8612799f22a3a05d6024d6cf5ea4f1eff2804e', 1, 2, NULL, '[]', 0, '2021-09-24 05:23:44', '2021-09-24 05:23:44', '2022-09-24 10:23:44'),
('ed445ceefaaefb701b1ba071b07486791d0f6ec3fd8caccacc71b174f4d9282d33010b2b19ec9310', 4, 2, NULL, '[]', 0, '2021-10-13 05:27:50', '2021-10-13 05:27:50', '2022-10-13 10:27:50'),
('ed8f6b25fd5b7c06a4afb3738ad534f0a07664ab9e0ab70504b1a9f20518defdf29af0cd040f52aa', 4, 2, NULL, '[]', 0, '2021-10-20 04:43:06', '2021-10-20 04:43:06', '2022-10-20 09:43:06'),
('ee7d3054fd62a139cac896432d6a939feb535ae5ace457b4ab4b5f14174bccb2bbe7dc3bb7364bf2', 1, 2, NULL, '[]', 0, '2021-09-14 03:46:00', '2021-09-14 03:46:00', '2022-09-14 08:46:00'),
('efa0b5a6709d434204203701f245bc2498ab1756fd0e178bb6257cd0da95deee44e107e23404c1a1', 4, 2, NULL, '[]', 0, '2021-09-28 22:08:14', '2021-09-28 22:08:14', '2022-09-29 03:08:14'),
('f029c78c30fff913346e024a82085ca5fecb6cad8a4be56ff7555bedb527a6a91f93d3f8f4ac7358', 1, 2, NULL, '[]', 0, '2021-09-27 01:28:32', '2021-09-27 01:28:32', '2022-09-27 06:28:32'),
('f0b878585584dd49bb6d0d0434f987dbef50adf6ae01f2b4753d657fbf26ed73a0cdadc310040aea', 1, 2, NULL, '[]', 0, '2021-09-14 06:24:20', '2021-09-14 06:24:20', '2022-09-14 11:24:20'),
('f24d9f742db1f58b99159c3a117f79b4afa57dad981356ccb92edf5f523d72dfdccf98d424163845', 2, 2, NULL, '[]', 0, '2021-10-25 06:40:00', '2021-10-25 06:40:00', '2022-10-25 11:40:00'),
('f34d39b4230fa298d2e67e19889183657b51e88f920ce57e14276b360965e8fa6b6212183c1a9eb6', 37, 2, NULL, '[]', 0, '2021-10-25 14:41:05', '2021-10-25 14:41:05', '2022-10-25 19:41:05'),
('f39970ad21ba5b9fe4c80de885d6855db9ac7d7d3c95a59a18bdbbd988ff6bde2e402c7c627c2dde', 37, 2, NULL, '[]', 0, '2021-10-28 05:30:40', '2021-10-28 05:30:40', '2022-10-28 10:30:40'),
('f55bc15d984a9173594c832878cf609733929f52634eb70543a041afd641638973b1ae69b546e68b', 4, 2, NULL, '[]', 0, '2021-10-25 14:42:36', '2021-10-25 14:42:36', '2022-10-25 19:42:36'),
('f572d32c92b6f37e99d2ba72d41642b381c25e3b6f23911de8cfbe545638f3427d698cf3b842be8d', 2, 2, NULL, '[]', 0, '2021-09-27 00:00:21', '2021-09-27 00:00:21', '2022-09-27 05:00:21'),
('f5b47dcc25d1a4eac83abe0698a5c84d1ce5378fe5088b7e6dfc89b2071b8bd72fd7f004d20850ad', 1, 2, NULL, '[]', 0, '2021-09-14 03:46:48', '2021-09-14 03:46:48', '2022-09-14 08:46:48'),
('f7f1357624f17c955d6badb0619be637bc4c07b1e9a687ebbefc90ab4e27478dab0d3fb7b6093c4e', 1, 2, NULL, '[]', 0, '2021-09-26 23:25:12', '2021-09-26 23:25:12', '2022-09-27 04:25:12'),
('f7fa1980053b27ef3b6b9c5882b975523fdf6442f39a7c5503367d96d1efab126f6a9f68f8836cc1', 1, 2, NULL, '[]', 0, '2021-09-14 23:11:53', '2021-09-14 23:11:53', '2022-09-15 04:11:53'),
('f846b2d0855e70eb24878485e22aea02aaf74065ef91bf1b8ae48c7ca229e5cb27f8723596e8c92b', 5, 2, NULL, '[]', 0, '2021-09-28 02:53:23', '2021-09-28 02:53:23', '2022-09-28 07:53:23'),
('f8f1548a9300e7b3f4b337694dd07cb8830aefc90c7f67e31d8f711f64bd1bf3a6d7fd32591b6634', 1, 2, NULL, '[]', 0, '2021-09-14 05:01:04', '2021-09-14 05:01:04', '2022-09-14 10:01:04'),
('f9c95d0287845735860cbb6ba321078ee4f08f4f45c82b8464dd49fe97ce3377c1a468fad4fcd9e2', 1, 2, NULL, '[]', 0, '2021-09-28 00:42:46', '2021-09-28 00:42:46', '2022-09-28 05:42:46'),
('fa614573c3f2d7729f6182a3f12369412a363e2be6d4118b0e658d00a6412cef53cbc964aa47c8be', 1, 2, NULL, '[]', 0, '2021-09-28 02:52:56', '2021-09-28 02:52:56', '2022-09-28 07:52:56'),
('fb1315d83658b0f1f112677c875a0fc3ffe249f23067d436155eb9e670b0dc4ec5c3f248361fa0b8', 1, 2, NULL, '[]', 0, '2021-09-14 05:00:01', '2021-09-14 05:00:01', '2022-09-14 10:00:01'),
('fb6872563867302ca696d40804efd42ff635aa7fb63b470342428fb209e89add9fde2dd34aa60aab', 37, 2, NULL, '[]', 0, '2021-10-28 04:57:07', '2021-10-28 04:57:07', '2022-10-28 09:57:07'),
('fc55730d3e20ebcb7a47e88288db0c3c432eec91a75bbd73bcab73e4cf42769f4503f9ebc55d5f2e', 4, 2, NULL, '[]', 0, '2021-09-29 22:14:00', '2021-09-29 22:14:00', '2022-09-30 03:14:00'),
('fc82411aed1f2de43d65f77cd000321d7e34a2a85f3f8b65b9aa3a3dfdeed1cc42340407fe11bc65', 1, 2, NULL, '[]', 0, '2021-09-26 23:21:18', '2021-09-26 23:21:18', '2022-09-27 04:21:18'),
('fd57c913fc0919c6208fd517a8e9fc887e926f36803bf28d5d40ad9c87041f5fc9a28cc76d008abb', 1, 2, NULL, '[]', 0, '2021-09-27 04:43:27', '2021-09-27 04:43:27', '2022-09-27 09:43:27'),
('fe811e4b9e327075dbab2d33edc2e6dc889afa1baa7db312cd446ee6210aada40d004a061e45ff5f', 1, 2, NULL, '[]', 0, '2021-10-27 03:04:37', '2021-10-27 03:04:37', '2022-10-27 08:04:37'),
('fe9f537fa237bbab6531b04f93872ce7d9f22e5707738a75c74b5dcd1e03741a6b89acb1cdb0ccd1', 1, 2, NULL, '[]', 0, '2021-10-25 09:54:25', '2021-10-25 09:54:25', '2022-10-25 14:54:25'),
('ff811bbfbd8d99b92d76a79c592c2db0b8d9636f54d95e8ac97101539aab291a3c45f0daecd062eb', 11, 2, NULL, '[]', 0, '2021-09-29 00:24:45', '2021-09-29 00:24:45', '2022-09-29 05:24:45');

-- --------------------------------------------------------

--
-- Table structure for table `oauth_auth_codes`
--

CREATE TABLE `oauth_auth_codes` (
  `id` varchar(100) NOT NULL,
  `user_id` bigint(20) UNSIGNED NOT NULL,
  `client_id` bigint(20) UNSIGNED NOT NULL,
  `scopes` text DEFAULT NULL,
  `revoked` tinyint(1) NOT NULL,
  `expires_at` datetime DEFAULT NULL
) ENGINE=InnoDB DEFAULT CHARSET=utf8;

-- --------------------------------------------------------

--
-- Table structure for table `oauth_clients`
--

CREATE TABLE `oauth_clients` (
  `id` bigint(20) UNSIGNED NOT NULL,
  `user_id` bigint(20) UNSIGNED DEFAULT NULL,
  `name` varchar(255) NOT NULL,
  `secret` varchar(100) DEFAULT NULL,
  `provider` varchar(255) DEFAULT NULL,
  `redirect` text NOT NULL,
  `personal_access_client` tinyint(1) NOT NULL,
  `password_client` tinyint(1) NOT NULL,
  `revoked` tinyint(1) NOT NULL,
  `created_at` timestamp NULL DEFAULT NULL,
  `updated_at` timestamp NULL DEFAULT NULL
) ENGINE=InnoDB DEFAULT CHARSET=utf8;

--
-- Dumping data for table `oauth_clients`
--

INSERT INTO `oauth_clients` (`id`, `user_id`, `name`, `secret`, `provider`, `redirect`, `personal_access_client`, `password_client`, `revoked`, `created_at`, `updated_at`) VALUES
(1, NULL, 'Laravel Personal Access Client', 'YU6ZRDYXMH3pEzf9nrCeHZ8SHl998jPPpnRQzrrk', NULL, 'http://localhost', 1, 0, 0, '2021-09-07 04:36:17', '2021-09-07 04:36:17'),
(2, NULL, 'Laravel Password Grant Client', '6i4Y0T5QFICTuxUo0052xMPDN6QEDbuGkyRdhcHl', 'users', 'http://localhost', 0, 1, 0, '2021-09-07 04:36:18', '2021-09-07 04:36:18');

-- --------------------------------------------------------

--
-- Table structure for table `oauth_personal_access_clients`
--

CREATE TABLE `oauth_personal_access_clients` (
  `id` bigint(20) UNSIGNED NOT NULL,
  `client_id` bigint(20) UNSIGNED NOT NULL,
  `created_at` timestamp NULL DEFAULT NULL,
  `updated_at` timestamp NULL DEFAULT NULL
) ENGINE=InnoDB DEFAULT CHARSET=utf8;

--
-- Dumping data for table `oauth_personal_access_clients`
--

INSERT INTO `oauth_personal_access_clients` (`id`, `client_id`, `created_at`, `updated_at`) VALUES
(1, 1, '2021-09-07 04:36:17', '2021-09-07 04:36:17');

-- --------------------------------------------------------

--
-- Table structure for table `oauth_refresh_tokens`
--

CREATE TABLE `oauth_refresh_tokens` (
  `id` varchar(100) NOT NULL,
  `access_token_id` varchar(100) NOT NULL,
  `revoked` tinyint(1) NOT NULL,
  `expires_at` datetime DEFAULT NULL
) ENGINE=InnoDB DEFAULT CHARSET=utf8;

--
-- Dumping data for table `oauth_refresh_tokens`
--

INSERT INTO `oauth_refresh_tokens` (`id`, `access_token_id`, `revoked`, `expires_at`) VALUES
('00c94767f6d4bff6dd7e14c173bc8f9df78265804fe9c71097448bae9693acfec14ef1097d0644f3', '030f8445334097d0da2886b299a30ae1d20c2f9dd02c472b3efa4cbddd00b092d44ffcc289a60ce9', 0, '2022-10-25 11:41:36'),
('0112f67f9d6af9730f647dde7a798266ab5d4bda6f096dff2bf118dfe5d07adf0d75d1e96e7b7351', '99e719084afa92bd9a8c466c0a0416a64255ece5d115ec906e608da048d610695273754f241c08c8', 0, '2022-09-14 08:30:58'),
('01849ddac039d7e001b7efcfdd7f5c0e5fe787bdd9ed0391f0a15b77d929b469b550d65c2386aa02', '4b4708ae1ae887fea70439a4a9e30328ea476a91a31953cdf5a974cc675f8a8dcb5066d9fe20ebb7', 0, '2022-09-29 08:32:14'),
('01997237238e82db4d568565008dbf71c98bf33d0fdfa53de8f2b787b4a0fc99e24d482ec2538308', 'c7821e3516e45f6bd2e61e03939b1424c124c4f55635aa1b3337e584c443506920dcf6e06258c994', 0, '2022-09-28 11:32:09'),
('01a77cde8ba3891495bc85fd06fcd015f0d8860c8554009d72c65761c8ca469e0f736834a28f7ab9', '17db01b29152ff3a31471ded59d769c4f329dd6f31ea4bdaff50e63b232d93bb91e887a42b285902', 0, '2022-09-28 05:44:43'),
('01ff5ff8c8217eb0bbbdc2b221a71483fc51b954713cbbdb2d9b9b51d18a08519cef61d79413912a', 'c78b0f5525e56e738c85618c9873e08b513805703fc588e5901446621a79e35bd71967b324df3747', 0, '2022-09-27 04:28:12'),
('02eabff6c97cb0acc799b0d82e2c3580a64b55a91d1b1d057ffab12a48f4b354b939b6765b4895d5', '366faaf130f4daf5cdfadf8c469d6f4a4a4e6a295ac92c747aa8f9e46d723f4fae7e03f172a5dd83', 0, '2022-09-27 04:56:47'),
('050a59149b6274efcc66b6f8259beb0d6c946b8f526d0ee5c703e81ad87ac5945a76df7b94692504', 'ce4ff5d8667a03d625b7a2e0033a124d33687d6b130cbcfab27e757229da698d88295be36b376f93', 0, '2022-10-21 08:44:02'),
('0525a6d36cd682e1607ca16812e3456df348023fab45c4457e2eceb95dc3dd2a12ded3832351242a', '4f3902a78752b14e04633c2df3b9de35da198d5c9a05b9ff01eaf9a8a79ce0f4826a95891b951841', 0, '2022-09-28 11:24:51'),
('05d6438c6809ff30cb645a59257a95579317c3a8000dcfe901a93afb0c841782cdad38e5aa338d84', '1190ac2182683b1f31371696ea4138ab404fa78a87bfb44d99744d0d081d8944230a2e77612dc049', 0, '2022-10-25 17:42:20'),
('05fa1f577bbb717bc96cc0fd8341b073f11994311c0e252d5c19fca88a6e6d771504be4914c187cb', '2075ab4471ed7d3ab0ca24f4132662eb13f9350de0446e21407fef4cc5d64f04da676b8b61a845e3', 0, '2022-10-25 13:18:09'),
('0625813dc72a99c9a5f9f18d69129af472ebd47d3597da1e2a55fd7c962845f4941c4f38c6a2bb07', '7e9fa57212aaad1bc76c9309501d261c7c40fdd98b191e26a91c65f0b133a3ac7b17a4eb5128f9d9', 0, '2022-10-25 14:46:34'),
('06cc0b1da180c14650e00197a468c75055f83605f074ad14ba42be545ff7a0316ed9e31a9f547bc3', '4fbc7b418a1194f98cbd5592910ba0449081b2738ba791281618f9aa889279fab63d9562cd16a929', 0, '2022-10-25 11:32:01'),
('08c703ca01d6aece97975dadc504021d3d2edf5fb98416037ee2044cce3f4a3c6a0da3ce9833ca85', '5d47d12c1a4abd69047c1eb629c2153c17eef47c06de83490d47cf00ce5763932cea7ba3fab105fd', 0, '2022-09-29 08:32:13'),
('091473f4456c6c6b1c8e011718170886d19de98dae7225d606f3d96acb0ef7f41dae48905ff0b7ba', '6cbd7ad0b2434a91b4147906b53edd19193f17636db572344eeb1a2b1a200135c73fecd6911101f2', 0, '2022-10-22 10:08:34'),
('099f9671ba22e788d512737047671738a1bf489fbba5ae30ed2fe0c69115f1bbe7fcc441042d72e7', 'c3e6c8f5155a42a2bb70391d014f4e1864db89c495c28343bdc72ebe950ee9e6b4eac043e2252953', 0, '2022-09-30 05:42:17'),
('09a447460f0b57b8e8bbc7eb78e4eb69196723f100f00afe1484cad47890612f44ffa050001ed443', '20396558d00c8f8ee86abe8005bed9dc22efe0f08052fb7172146a27c975993630f27a3437568bfa', 0, '2022-10-25 08:57:41'),
('09bc790193ce720982768db05bbb5b0abda1c4f1d2e306bd63a2f9aac8fca3b41f7a9955e91c43de', 'f55bc15d984a9173594c832878cf609733929f52634eb70543a041afd641638973b1ae69b546e68b', 0, '2022-10-25 19:42:36'),
('0a842ea4fda9ae45e240c0629d5af68ebb832841fa194f1c4b045afb09c406bc96be96f10febc9fb', 'a5374002d935512ede4c12a97e31abfd099fd62ec0730d576df10b4c54a93d7ff0bdce4dbb55b386', 0, '2022-10-20 22:15:11'),
('0b35a5cc38b006688c2f981d73e7dc4e15a2c803818d70251fa87172cf04c35329c4c3fa5cd70e94', 'fe811e4b9e327075dbab2d33edc2e6dc889afa1baa7db312cd446ee6210aada40d004a061e45ff5f', 0, '2022-10-27 08:04:37'),
('0b38570f8a171720395d5f1a23681d35120b22ffed389ea5e7283d9d6aeb3af2a7b63d83e31237a2', '093fb37b6c5851e6393c39c0389fdee8285db275e8d9f3761094175848ec6c73fd5727b3ab458ead', 0, '2022-09-27 06:24:30'),
('0bcb05ef01dbf5bab9f48daa105fb060281f4a843a575ee7b3924523908542cb309190e734711f9a', '734f60d1aad48485d08f03ec5e171cd5decebf3ffe4052029d3e3fb8397cde390f4a6ac3a254981c', 0, '2022-10-29 14:24:47'),
('0c66e2f058ddac21fcec7f707decf9e7da23f0a568f19f852ec05cec72d0ce4992bf28c08e93b411', '7967a95fc7bbddb6083ea6cd6e63d845e0c596acf7cb7ff8bbd7b1b59e39ebc93d95007931354a3c', 0, '2022-09-27 05:40:08'),
('0cbbf7ccd123bd497aa191b2fa44c30e7cd091fe7495c9295e389e5e3aba9d1698db54fb4ea39c5b', '6c8697cf75dab0546613a7183a96eadaf5781bc258c4d01418563036356938b3bf344218f242a3bb', 0, '2022-09-14 11:24:43'),
('0e390e54ee00531f4ffdf547f6d73d815d560e5362dabc749be4cbdc807dc12a4cbb7932ec4858cd', '9e95be08e4a1d869899069eb13e6d6eb6259575059c2af917c62e215927c77db17ec3223587496fa', 0, '2022-09-29 03:56:06'),
('0e460f96897ab50493426922c26a7e809017b05c958af3b6264690277568211190cfca342d7c34af', 'a78787d4021b41e26e54c330d2d31551ec05b8200d0afad1c46e8129cc396efd8436080115e63795', 0, '2022-10-26 08:16:04'),
('0eb54eb50c97c5fbdee1ed49427e9cf415570cfc968ca431698265de84ee9321f62536b570e7f875', '8c81a252a3923acf9188c79423bd3db093145eb279c267b96d3d69a5be7a75c989a1d00ce630acba', 0, '2022-09-29 03:45:34'),
('0f1f2886d6a05ac9b0fc89aaead25930056018f4bd0edac1ae18f468c151888a056b69d956867f07', '0673b9433d18b6eb98a37611d7d1c059a48e083c9205193f3dc2b293c437efb88bd5bfcde33e1bf2', 0, '2022-09-29 04:54:21'),
('1058d9a56d5ddf6e2b55b132e90fd838f3b1e2688d010900c9fc45c7098905bdc62d43bf1d5e4649', '214a8f21b664866f72f400c47bc839e5c0e5c1445c2fde880e54e4422075c9368b404c572a999421', 0, '2022-10-25 17:41:02'),
('10882463e52cae7fca5b298b16961b87d59ce3249b1b6a5468a0357885cf3cd26fd7c1f42db0504f', '05cc7ea20659189dd7d8d0455157bc4aafecdb681a85c60fd215db8606ca6a46f388969f850574bd', 0, '2022-09-14 11:30:56'),
('108e51adb35218944c2c8ec950257decfee69c686f9233149088b75971a460b9ef9ab6c4b3040e68', '018503569cd1fa50a4d71f585dcac9ec28537bfaab1858bff21cfc798c55cd76633b64811f484580', 0, '2022-09-27 10:28:34'),
('110e94d26fa02101d2dafd8048b3651149a6040808718cbadf41eee684364ad0ed977da1499640d8', '473334f54c54409a46012032feeef9c5a8935061e2bec2687e3bac4b2c17418773e4e20a58854b02', 0, '2022-10-25 11:54:26'),
('1184067556ea6d8601def10974c7e1e564704d1873acb6044381bab765a4620ea1c67e2828b48c2b', 'ac0c1e958ece4259f9b0fb3cee1af3d840a26afb496c183cc1cb20a620dc6e81419aaf09aaf871d2', 0, '2022-10-29 11:19:46'),
('11a335fbbde4f884459f319d820eb848ed9ec1af9308c93cf81acb55637b75fd0c44d427eb0d808d', '6da3fb60d83839f08fc2b76fafc193682e772bac9ab56dd4dee933c42859e3247abc06ee664a26c9', 0, '2022-09-27 04:17:55'),
('124d27a640bb9f04d59e808504eff84c833914bb6202f861b513847fe65671f9fb610f11b6ef8231', '6239a4fbe8cf5f34aaf4be8260ef3f3fe9f58108892d958812d1ab264e8572d5e290f774a847622b', 0, '2022-09-28 03:55:20'),
('12a0c0d572cf006d4c0128c4bf4db50c39a355f46edb4e537e2bb7a56a156ff9af35f04151be25ca', '729247485e09c39bff90d777ab4c3a1a377b0cff189ad870a1a85afc504202990ee69831c83fda0e', 0, '2022-10-20 09:43:46'),
('12ff0be022051fa68a1d379913d7a27b254a221a16abd8dd736ec413cdce060ae479e81161960f00', '7c17a4bd0b92a1fd6903048719151bfba3f7e6b024febb3fea6cc80ae479d3c2110af12c34223e39', 0, '2022-09-07 11:45:44'),
('130884039b2813d70304cff83c7309e44ce503293ed497a7033ca23b190f96ee38c968565bb07c1a', '492790cb3e99a24b29d3f814821f1e141f362f75851edeb08d9b7510541b1c78497275ed0e874317', 0, '2022-09-07 11:01:58'),
('130de42230f6cd35a4e76fb8473543740cf8c6cfbd45a57d1648cac517275ed49c2a7650434225cd', 'c936425a5b01ea77c62e0b193d97b3fb1fa5a5e80561d87c3009a61228752e4276e9634be2802a70', 0, '2022-10-26 08:52:17'),
('133c505a6cd138a51cf2d0a3b8aa241132eb63c68f215c7361132efb2aca2843736636f46ddf7849', 'b2c575b4a7f79ba973a2661f86ea818c87dcc983c9b8ccb236c9ec24b4230c8d40f4d1b3d70dc092', 0, '2022-09-14 11:25:15'),
('133d93281b52f4ff4dcb3a1e361cc1e1b3d41eabc965ffe9301f1c7a9521feec13e45cd249aa2418', 'c5e5a9e2c70329406eb5d94f30fbdfb04daa3c856b596a0bdfe2c2b1888a57fc0dc9fd7962309f71', 0, '2022-10-21 08:41:55'),
('1458b49fca1fee65ad15c88eb0ba3e9033c2aa4f90a23d6916b612a15d39c65f9c1d28bcc49d5c99', '28ed4ade5d80b2ffa7728bd201c23594289c17dc05547108917ca4322aa9624e4974f9af059d9944', 0, '2022-09-07 10:06:13'),
('145bc94a75d4d6abfb2631f58d835bfecc4f334c5de7792543b566eabd8ec7118cad06c7fa8eea6c', '54a89ec18808e4b00c8024a76b8e5055ed9e99865ab540f701045049b87945e7685b0ee6b5fafcea', 0, '2022-09-27 04:45:44'),
('147e07c33cb5891cc4389fd3f5a79bcd705b7d606e1c1cdaae79c38b66b60979661be0e99e8b98ef', '2073562f5a85d7db029a0b3c41cddce4f2945575ce6934e1054212fa38715af53b4cfb34ede0020b', 0, '2022-09-29 03:50:28'),
('14d91fc0164e08738df6ff8968b9a39b0d00bbd628f9492c0ca6e57798f0b6447295299a9c6f8bb7', '7950bfa89134c237ca7352f925dd4719c10914b973447c7c4f8cdcd92a81ee6ef868f01cad3142e4', 0, '2022-09-07 11:44:54'),
('1529877326f18395312d32c96bcb89308409646a0548a9fe3bf712412aee2e327e037c2f5da6a59e', 'd459f699e4b3f4ea9fa5a79c8fc941ed62c7eebc6c11277e59180cd35b489f234d5d2e9b4e6fe3a5', 0, '2022-09-07 11:34:25'),
('1554d05718d1b5a555992b9be7d743aabf154833ad4042a1f705546394c30717c1a2eb15bfc9cf49', '024c175505fd4071c80b5c94a6e241101d3c63a8590e409895dd0241387a9fc8c78e9a58ec06a55a', 0, '2022-10-21 14:53:03'),
('165b81c2390c8a958b180ba153a0806e01dea5e2065edc6770b05ac846eff76967ec09f274c1cc0b', 'a19f135d9fc02633f0e0c37c75379359f026bc5f78088785eb8b8481cbfab13ffb3b126df1e5bf00', 0, '2022-09-27 04:28:11'),
('167f4bd2ac4c5b6d61a71ab4c3b34cebd6e823d95e7dd64d64096910551c0ec2bd7754bc8b55d853', '37a6510295ae2d6890c01b4174420b02629d2618afa8b1a57e416d48d39ca80041c1d2ed3c325618', 0, '2022-10-26 13:12:35'),
('16eb78da1a0a1e1415d3678b43f0f28ffa9a67069d8a6704dedfd13d1603da5c8c25b86c31d5e8f7', 'a5dca51166435544349b9146f2c0f29ef6a989afb468c84c11308336aafccae559f38bd7e08d02db', 0, '2022-09-14 11:23:35'),
('170236dcfcd4e6111c03a57705cb120eec99fa852bd1d9d44bee717824af524dceb871971cfde290', '0395ea368f53f9ac6d12c254b67a8f8faf6a8d2edda6b6436fe25bb79eb9db88ca49066d0aa47a1d', 0, '2022-09-29 09:44:29'),
('1732c0fb09da23873da5ec8ada1051a221874804802765e6cd37d5264b862a9c01f0b8efa53d2172', '09aa1c1a7302b5d23958c298224f3a04fc2333af620184c8b7c18de05eca96d372f10f7d4998f96e', 0, '2022-09-29 03:43:41'),
('174e4d990f2ffb44a1fc2b2d4415b57944f1cca4d19a1db3475f481ef7f13555ceac333f2461b684', '26dc50ddddb2686144ea741dab70685fc44f1335878841e7e7345c5a7ed93172fbd1050647c65a05', 0, '2022-09-14 08:36:09'),
('1802cb3daa57c584c35aa29f3bbfbc9173655e17a68ef27847fb18e53121b191105a686019c25548', 'e06ce72f9f1496b1aa0b80966c2e6fe7ca70840cd0d2122a78bc8b7939bb9170ee338d3c985daff8', 0, '2022-09-24 10:23:01'),
('192a22f4ec5298cde8f1558d1b3d7500e0bb6d918cba288dfa39aace7c60b336bb5d203815490465', 'e1b890835477140472dea0088a85f1eed276554c2a1e0e3a0f80948f8ca423b1f6d09213ea2e7f6e', 0, '2022-09-27 04:35:00'),
('19721dcf40ad6c0a98e76cb63f487bcbb23e2e8ce2283aff9f41a5bc67d05f180350d15022c9d2c0', '429aa15ea8f902773695ce25c91a69b66e5e586c5c5a75b59391c4d283f092dbbacc155493b2b819', 0, '2022-09-29 04:58:11'),
('19dc3a3fbf346ad86338ac16f1aada249bf74589051d78135ed2035268762cdc60bcf1e03d0d261d', '10fc6e51b6bf17c7177b3275c0ef0b57291b1b83f741a0a4ea620746ad18c22f3d99901600000375', 0, '2022-09-07 11:05:06'),
('1aa6e4391573f3e96db0f53bd39866a92585c354db440885c9bf9625f13d91c70741ef76de9491cb', 'b10f7bc7e4ce90105832d0a25a3522d57b1b965f9db984d95147c3e69855f245dfdcdd8e364b98ef', 0, '2022-10-26 11:33:29'),
('1bc4c26ef591440d3d5a778f2d0bddfe488e21e784e0cb4f56d0388fdb392fc81cb7653644d5bbdc', '1d260ea3458acc7941510a836e55838b0981ce7cd79d80c86c7d056f436c11dc8095f4b38ed83828', 0, '2022-10-27 08:38:45'),
('1c5205ce0bee260177920e9ba8073063c73b7032a585964165a23214d21da51be0c8a68362039bd5', '11119d37ebd29f24b236e54f77a37eb981e8e4fd783d7b53abf6abb39803ddd7d3a15e13250e2e19', 0, '2022-10-28 10:41:45'),
('1d11a5306cab45db2905a2e70b27c868fde72974dacd4941d0e798b27ff7a906ec78c255825b1aa3', '6e803ed7375ef719894e15cee204cf49d7406c86f9e12d329e53cfd29ed5e32ef298bfe6d085e314', 0, '2022-09-27 05:44:49'),
('1d170e5c97bc1ae7353e45128495b80455642c3ca9d14f0724ca573867fcd770b3d780f48d25d7a1', '555c811d5436e07b37cefc3b1ff267ff50347056d282a257bfbacd0d6fdb06e8692b92f47baec89a', 0, '2022-10-25 17:41:43'),
('1eadba0034e2fa88685b834842c84e735bd6aa98b1f604545e6001eeb307a3a249be60352c475d4c', 'cca78a26e88f0829a4345333de6f97a617a8790607eb9e84a960b68509b9ce26eeb7071d3adfa895', 0, '2022-09-29 06:13:12'),
('1eaefc577ecc2c61aea7505fe7d51b786e03d2f2c7e5e5fedc9e3f03a818bbd873dc3d987f8fe181', 'e386e8a298d35b12b3d4ccd1529b8e904c6c13bcd4adae4228101d95a8531693bee43114d3a602cb', 0, '2022-09-30 08:37:58'),
('1fb2980cb53b00a35899d97cf7f1f78baf4a30e0067eca083d77cfab879f2ae5b8390c51f58adda1', '55bc835ef5a4fd7e85cdfe8d241576563e9d1d3934ee1acd86a8f29eb1ff760b6e819ff60e6e9da4', 0, '2022-09-07 11:34:50'),
('1fc8d17e99ac0f1ee2f8b59977bbf19735000b6ba893a4a0e97f7331d642f681683fedb7322fc883', '1cc395b53cd6c95dd3995a1dbe4c377be5e1ea5beb007d9e266336207f6f6c8b5ea7f3405cdd9ff2', 0, '2022-10-29 11:09:39'),
('1fc9606a6eda646f39107e2401c6b292d90f666763e2141c7cbfda0984ea2a299bdd2b09e51b44a5', '3ef1a47f512ab6236e092114d83530f170d5070b3ca9dd73eb80cc8a7d416bf5416120e94ed7f548', 0, '2022-09-14 11:34:08'),
('2026a55de0a662e8ce47126d88e5939618e8eb3df188d46d1351d45133911a4c7b12a7f30bd7bef3', 'ceb9e8569f3f95f929ea6c7cfcecdf6624468a651f3d22c182c62cc1b3632dada95c69b403817edd', 0, '2022-10-20 22:23:01'),
('20315f98857c2969d8db05d8565d39084308b1225d90a79fe84eb1d3c5ae3c7f9c8d2c1a37d738b1', '38fad759457fe50c6c6f8c5a6f66153bc0a271de16bbe470c6682fad132d325383051afee285e8d3', 0, '2022-10-25 14:26:24'),
('2057464460acaa77ebf601e53d563a1c6b06336ee6dc53013579d93e459d5aad31e1761f8248e586', '56a0fd23dd35a9cc7c27558684712b43ba988b2baf46819d1740d5143cbaf9cbea47ca44fe16d7b0', 0, '2022-10-25 15:54:59'),
('21038595ed82170f0984d83e1f91301163c0447bb8398c6dbfdae1eb9a7b1805d12a9467658b1e26', '100122e72ca577865dd13fa284d36d22d2a8b9fda3ed0ecc21c45ee8f4444dace24ec7949db458d8', 0, '2022-09-27 09:10:40'),
('2288c8d1c4202d1ba1db36fa46df58ef4abe16c699b39e2168075001bfa103577049e1fb28886ed5', 'd9325b995a173869673c68e43d578e4fa0c0df32b15e621a36babbd0882785c063bbb70c2429fda9', 0, '2022-10-25 11:23:42'),
('22a8e1f64dfd5545240cacdb5200db1bba85194ef3f2e1d42b3b4ccaa825640069c18738191663f2', '227ce4c7423106ea01a55e1d812a9266e08941dcab4986d84d6ba1f872705de7c2af47200b98d022', 0, '2022-09-27 14:49:28'),
('22b93f40e85e7d0641e44254f8384eb99b74951ed8bdf8fd784daac0486ca45e2ac18fb27fc83074', '4ec7b6091d3b6d918b38346626a3b80c68bfc91f9caa2fe7ed666de4363006429179cf0aaa6b7bbb', 0, '2022-09-24 10:23:01'),
('22c620195a3500d37e12cd4a4ed33b42cd31fcfdd751a501268284293f804445daac52cbf7e94dbc', '2e13d6db832520f502efeb4b667fb2fc17b8ec1f282dc4658cb2d9fa725955e34de0ad2f77aafe8c', 0, '2022-09-27 06:27:05'),
('2350c76dc9026ce8b1b14893ec3fdad999bdb66485e140dc2d16989ec520db9e2b9017aa1d8eb561', '492ea6b7c6a66a35367922a113937663da63a76e0526133c75f4cf92cac8a132f8a488fcb8be583a', 0, '2022-10-20 22:14:00'),
('23cfd3e3847b6d96d77c746c8d2eadc36e24cadc4b23270415a9ea94618500f26c45c2f49d929630', '9099396e93e3b7118d593ca55a703895516c2a53af26c5b182cc1cf81f31f5845c59e4113c956ab0', 0, '2022-09-27 04:36:13'),
('23e38ef337ee999e975df830d65fac5583710fe5f3bf8f5c457dd3fda4ef92e6c13d70ea564862bd', '0e4c221fe5cd3bb2bcf744859800666eaa3cffb37926c4ff85a104fbfffdab989180c7f35b5fd479', 0, '2022-09-24 10:23:04'),
('24a23788a0672cb79ef470934b31fd8de493a98853ddaf71a9975298a10e2226f7c9e26e4531e27a', '0e836328f2d9c72e05441c94269548077c97747810b95278f5792f21cf1093efa13966e10606d610', 0, '2022-09-27 05:17:15'),
('24e77e562980f389fa4a8f7c983dfd63a167194d9f1d20d2de3809a01bd5498681d7e65d6d132625', '84599da13e1f4f781642f10af0d9af516c55ccd5603df27ce3e30d65b0c14f9d1c448a3aeb0146b6', 0, '2022-10-26 11:52:38'),
('24f78e5e7e00cea0023a7dc4ec49f433b6f4eb290c71598661bad66b3fefd241d3ac2f864270cb69', 'e52571cd81aa3111f7d7c10d86d8dda86cdc13cbb12ebea1660e04bd50e5c3db16eb74d3e93cf962', 0, '2022-09-27 03:11:37'),
('255869aa467c95ec59d144209ef96f12b356d3f51d83a94a9946b51eb60cca92326c2e5b200f7cf4', 'ea70ca33ce19b1fc13309bae375529b48ae33765503e054b72438f308e92cca46781819d3dcd8462', 0, '2022-09-15 05:36:07'),
('255df90956f7008b025b51798c34d33364e95aab13dc6e3cbd454050e0b5c62f81e919489741d397', 'daa623a6470e10dfc29272298fd37f260808a0aa49e83d63c5c8e13cc884ee2142dc0cb47d7ae5db', 0, '2022-09-29 05:39:34'),
('2a2950f626ed99a3d52b3e74cede2c431cc3eac2ac095ca96db58ecba6e21495c950922edd7ce1b1', '3834925d4092f7469e6b54335073286eef50f2536277bc763a41a73fcd846961ccbf625744783abf', 0, '2022-09-27 05:36:22'),
('2abecd9854983cd332943a29cf3f5bce081a4b2aa4dfa5ba1d214d429aa7e2a0ceb5a6452c854500', '2f174fbf4e3d69f6f75abe6d1b70d0edabe3eca4e6042ada2543680f1b5ca981c1a387c52fb5cb5c', 0, '2022-09-22 08:42:38'),
('2abff4d3b5ea9b76de59e280f8aba95622caf654b62527b73b798626f226a29e40390e77a3ef15d8', '354af531e6ae04f7a8e10f92b3a4039e152daabc790116bf51f1970c94907451240e9d43f36b6fb5', 0, '2022-10-25 17:28:45'),
('2b2fae4793e396afa3dcaeb8f23134a88c735b58f846085ebe554b37278c28e6904961e4b2867c2f', 'de06428c7e4ef4024bd7057daf089b2a20d5bda660ea64cf8edf3c7c31e4942f7d3afc5372b8a808', 0, '2022-10-06 04:41:57'),
('2b6e729c02c6006031182ad61f310a5a8c4401fc917f01093b97a1d3211800fc61c2e82c8fc74afc', '3fc16934d50c727f7932dfa1386850e59a5be20bf303715ce3f035425b79445698f1dd46abfb7936', 0, '2022-09-27 10:08:47'),
('2be19bd33cce2983b37af1632c8d43403192824892e66c05bf73c23f2f1848de3f7525501be2ef1d', '0bb82f7881a46a1bf3c3dfe568e06c09e9114b5889951a277d8af7a4d0af9a5a7a6c3ce67f2eeb33', 0, '2022-10-28 09:21:17'),
('2c09efdbf575d1d110e85cba773601b3ca6c290f184ade8c2d52cc266a9471b01b8c09ea600153de', '72a3cfd83a55fe89f315081a4e750ef9cbfa1065f1e1bd3ef35cd185d3287fb47e0cbfbc02125166', 0, '2022-09-27 04:33:56'),
('2ca310f1bdc1f95bd82d9e3caacf06ad0d0805c51c7e1150957c18bdd03b6aea93c0063b218ec33e', '25effff5662135ad5527a1e6a7d52041d032dbbb7a7bdc0ce1b5d3667528f74bbbe82a3eb9e94de6', 0, '2022-09-28 04:09:05'),
('2dd1ba804405fe6ecff2b709eb9f5f984e2884b82669c7805160c725e335c7e083a0bb27e14df13a', '0d9a3c1139fff42cd610f0a034d6af4d076fc84f1b3904026245942b1992653c8eb07f3e364e4f32', 0, '2022-09-07 11:02:02'),
('2e8c25f2a0ecee4b6147e8ee1c84e05eb2ebaa221fdecb56a3fdfd76cf705b1768580ef28de6ad73', '63df7d7df143656f66f2e9dce86f2f6931e4d58469207c61765ec72a76f4b3c32359e166f5c55e28', 0, '2022-10-25 18:27:52'),
('2f3b1b1e8ffeacd79d71bd6a15265c29c82657d9b6713dfce74d7fe0fbf29570e2209263b3fc4ae6', 'b81588848ddb3415487b311ae1cf0b619a1bdb5a147ed0d7218da1052ab3cdfc95dffa9daa254c5c', 0, '2022-09-27 04:28:14'),
('2f8b508ede70f7f40daf68d3ec6b61fd922e75d2c21a4cc26f0a8dbd01c68f9ab8880de5211b2d40', 'bd8c29bebe0227c2a42d9d74999552039942fa3602203a307b95b059639197aa19df7e8cf02bde28', 0, '2022-09-27 05:17:04'),
('2fb3b73b5ee7df8e969513b781ee0f764200667ed5803676a7ac16e1fad81558c00bc29bc303b24d', '8e07949fce9bf6b11bc5206631929f0b4e879a239d3b8cf2ab0408b2fde001ea74c5b583ee10faaa', 0, '2022-10-20 09:40:39'),
('2fe49909bdb3572997c27e76f9637de1013c590a9313fc7e59f5a430f95dde01aa6e418d8fdd2481', '765c69865714a71ebe929a811673a7ae51eb7b00cdbaf12bd9651887cd0a03c7ec9d3eade359ff36', 0, '2022-09-07 11:02:38'),
('3110491083add038654b6595ef4e7175a9006279ad87b19876574313c8369a9e49976254fb75bc57', 'ccc6a09ff9d2ad60cebf026f19080a5bcb46ac90fbd07024b6097205f8b490cfb022af51b8e7252b', 0, '2022-09-14 11:29:18'),
('31e91230d5c5699c6804b1b303b3b6d9546e732b5e6b22142d13dc30c2540b4df22f91e70facc293', '3363c7c0709c8bda3174913d3612b6984f53a215f9de5222d5ea2980d66b43fd1476bd2e343d2909', 0, '2022-09-29 09:41:52'),
('32af558087f3b380e7e1b04f1b29a5b215e6ef5d2be744e8dedd305755485ab33f98547a6eb5ac59', '57696f4f388a1ae2f7c79179c774fb2267a5d1851604dd93577b41447e8217582b3897defcd6fb55', 0, '2022-09-28 11:28:44'),
('33c9e1d06ddf2907babe87d8777aee560aa5712fa4c29907f07152d30191a416295c4fb47fbeb0e7', 'ff811bbfbd8d99b92d76a79c592c2db0b8d9636f54d95e8ac97101539aab291a3c45f0daecd062eb', 0, '2022-09-29 05:24:45'),
('349da71a1b4106c83b81d526d6281459174a0f18e83c86686a8ce9de95a23da50178d5c29ef2903d', 'd8c6a530c6f2732d30d4d4432b4d0993238239c9fe59bc03217a127dadf7ac876a32db671540ac6a', 0, '2022-10-26 09:26:48'),
('34d11042411cd30d31d11dab5ee41720db7f7c4caad6604e303c9b321cdc3948e1662ca08db33367', '1d2b49327a721160a41dea674ce8c345ff1c6320b7a15b090eba362d1493191effe6d1fd1c3d744f', 0, '2022-09-28 07:40:01'),
('353df691d5d064a65d03235c281cbb116ffc8b32f84453c9d16bcd17811124ee2691c63330ae2bd5', 'deed5c47f9b6054e371c60b67eeb18bae85bfde9ed57150fd65956e75a18004cad6e2b0a8464881d', 0, '2022-09-27 04:28:12'),
('35436fbc491ddfc774f6d88f160695d49e7d3fd2a1227e88622de287d7ec4a53d72a8a9d4955a66f', '76ba4c409f9abde34e6eeff6f62faff49b4d09fadf99b1a89997a794d2a60c261a7cabfb4dd4a734', 0, '2022-09-27 05:29:47'),
('361c5db81c2a81e8d51df7f1a0f9f40f85039868440195ba6722105dd56bf39eee2bb653f07cbee3', '854350bf64051a9403da3cf7b80bccbc198ba81a0dcd86dc0ac38933d895fe46cb1dafdba5d47440', 0, '2022-09-14 11:28:42'),
('364c8054efc90eaea87e9701ed6a87b7530906db1f5b46788536266924cfac5230167ade99641d0d', '63499c8be44cc4e0bb4cccfa70d8a7a0e06dcb892b9cafcba21f31241dcb1914484cb06567b7d6e5', 0, '2022-10-20 11:58:20'),
('36c5859d379b5c69ff45e754efcde800164f0048195a397766b503b918c990533a7e3fabc146138f', '3c25485996eadff40bb550fc725db8196e2a3b42f158ea55ea016d5cbe705e67bef1a43a4ab4e3d0', 0, '2022-10-25 17:27:24'),
('3850cd5673d94ea71b20422592fb0b83e9960ea6e9fc69f55c033a161cda3c9b85223db1f39d8a29', '467740caa583bfd8b0779629ceb4870d48867680817dc5bf55496212c4c703b737880790e8f2ac8b', 0, '2022-09-14 08:32:32'),
('3bfd51dcb04d22d83e408df55fb2132fea29c187ab6395201e5346e9cc25b5eecb2e52e8944f8796', 'b158f1c62344966d9dde205497bf89c03713b0851837f7eaaf680cda06554570134cc9671282ddca', 0, '2022-09-29 06:34:23'),
('3cd9a7a7b7d0af5b2f53ae8b102d06a47d41c039f1a9a13e387122f2f595490a7f264874cb2e8211', 'd7c9424e82a3a74961fb731f61257c4f39948bf6c1e689fa27a1c80b99afd2d652445fea25584f8a', 0, '2022-09-29 09:36:09'),
('3e852daff248e749e48809ba78bf69acef7607074a34ea4d985d97f0d1bbfc0f4018ee5cb4f56764', '5323e78d2be4930129f4331b29975323724c6cd4b9095e2fec79dce8073248929a1f9467d45b057c', 0, '2022-10-20 22:19:22'),
('3f0c49416bd83cdd82643e8ba69d9bf8ea4ae0c5ae45a853083e4b4fef4336097d4d03ddc7fac24e', 'f5b47dcc25d1a4eac83abe0698a5c84d1ce5378fe5088b7e6dfc89b2071b8bd72fd7f004d20850ad', 0, '2022-09-14 08:46:48'),
('40386a28468e7407d4e8e6e201374927ffc5868ba359be706dee1cdfd6c729749a3e92c8a10a5d3e', 'c9a28038322641fb4d72030ae9ca712101973f8d675e8a7943b3e4f235e8c0323a27410a13493eca', 0, '2022-09-27 05:37:49'),
('405668f3d7104175e453d0e338b7c5aadc5b5c5c0eab9509d17b2b38591a7d9c4efb69ae354245f7', '932ffec8969b5733485e7f584edd099deabd1113f07a95fba2ff833ca5e8f136a17db5357089a1d5', 0, '2022-10-20 11:56:06'),
('405c109d3d6f23becf2c36ead1e25b9878ccbfc7db414ba4ddcaa49b92990fb097b0d1e20afff3ef', '9e7645fe31d49cb49c73dfb7e871db9070b50a95bb229b4bc57d202f54d6c84d29c919fe66292d9b', 0, '2022-09-27 04:18:30'),
('407f94fed25d7bc71938b4b8d8c4a4dcce639ce961de561c7a8b27064c0afe399980c535b9fa7499', '876a9dacfd085f67d5f293eaae94e4a0b19795ab3445b49fd5a904bd87ea6e0fe904a309efc6bb91', 0, '2022-09-14 11:31:14'),
('4164ee311d952abf3241fed78f4c4fadd1e5d37f251d22ad1eb5c9ac7544c1cd68aa68e589d46053', '001a46652ee891903918e14200b20d701f7e57ad017644dcc638ccaf9f49d1bece3b10d9ea675d37', 0, '2022-09-28 11:24:50'),
('4182cf2e9af81d2ed3532e0186baa500459f9bbe6685a6f5c9ec93cb6ce923500b5b1582df05b78e', '05d0abe923b12d8d3d3e48501b286c9c408ab6fb4694c402601eda5bee030118566f7ee66f1074f5', 0, '2022-09-14 11:30:05'),
('41a0c39b7a4bde423bce21b2bbdb9f4999bd13e51c8c07341f67800d70505c57ec3b6198728d35b5', '6305f95ef0f305a363d926b7a550ee1130481748768769cc6bf58705586fb38be8e9a6f08cad73bb', 0, '2022-10-29 09:16:30'),
('41c5a122895c7d1505fb37ef9f20a188b4a06943c1d7837c6788ce1af67488f5b3af87f70f6d45e0', '8d31225d81c1f762145768fc2e8e47d68e547dd9ffbfe28aef6ae83c3d873b4a8e6bbd891b06e34f', 0, '2022-09-30 05:18:33'),
('426e6961caaf05b0c1a1d6689bc3727b89b09be9f206033d700622749c76c5e8da17b64e43ccd170', 'eb9b79efff4c58eb336cb9928e5b20f3d036163500ad4c9cb8fe118aace7e093a9060c899bfc1f83', 0, '2022-10-20 22:17:51'),
('428ef718e777e94ec1f601ff01a4940a4e2de5273e550c3768137730ea552dc7befa052dcd26f325', '6ba7b1a67f04c640b6256d1434b18bc2a6078c561b503a26730a1a53cf6356e02ae40163e8254ef8', 0, '2022-09-27 04:57:11'),
('42d5d22e13086a04477f30d393f33ca122d22030fdfa227aaaeb5523cdce2d659957e749b5e29281', 'a628b4c556639159d24af5e53d554888cd69b0fb1e4baf62ff17e6eddc14d1faaf1a34347e71b76b', 0, '2022-10-29 11:19:46'),
('44259df1c237ae570690208b410a73c5dd052d819f39024336946b88ad4c06d3c3c93b2869e7baee', '534e101aa9756caa3fe85cd0344e7eda0636d6263e3e441712f995e066fc88e6112058c6c61510f9', 0, '2022-10-29 16:45:58'),
('446709dc71a0a54ef3853ad24fd06b02bfe8ed4d10e7cbefd2c3da2fc5129d9095f3bb1d751d8882', '3c538beaf4aa1b459d0eba1d866ee668f68afa4937a630ed0e2290bf848bc66678297907fcbf54c9', 0, '2022-09-27 10:26:04'),
('452a35af5c285c490032f2bfd5dd9ffadf95d6cbdaf848ed5bab50b346c18bb9b7a5b6e55584e020', 'f24d9f742db1f58b99159c3a117f79b4afa57dad981356ccb92edf5f523d72dfdccf98d424163845', 0, '2022-10-25 11:40:00'),
('455472fbf066c8d1efd5260784fb1de3c69233790c7174ba549e31e3b1b6aa02a2fdba9ef3e5867a', '10ed0ee86cecf08597a0e5b444c82140a642a5a4e1939b01038a813758b8e9cc89e0c148f9b677aa', 0, '2022-10-25 14:54:47'),
('45e3091c7d2685ac546c3429ad4146614ab0ac8edfe50184d8635dda1856cd29bc36bc93f297d577', '7013ed3962dcd64e769e504e4721a2a49000a22ed68effe949ed599fc0dc94573e906e0f3127f5db', 0, '2022-10-26 13:18:25'),
('45e9dcee8e8d2c6a834bcc2636a51651c6bab65f0081fd124d77cd9c33bdea2d0c1b60895231e2ac', '76c78cde3f63ad2ed7b90112b75d3ed38d276f96cbc00b911417012f754d454cb04095cc4bc518f4', 0, '2022-10-25 14:33:59'),
('45f7af80ffca0cbaf6840e7f9afbc51abce8c95da34e6f94dfc30b771529562528d89fc9115dac4e', '3a376ebfc38d03457ffb9768eae91f7f48636cf230aa077c215d55b41bc3c95d2b9549c56af11dd3', 0, '2022-10-21 14:53:03'),
('46087c4aef71b691327382e532e1f7072bd878e1260eec709f9d3ed83865cbb2a647029674e2e4db', 'ceeb5413548e4c13647ef01583a2f924ab7d4f70006afd0669ea66a4ed96531757770129db510fc1', 0, '2022-10-26 11:35:56'),
('466311037191f78190c51a6a9c89a75ce70c94f89fd7213bb1e51daaae6bdfb8b2e56827c58a3700', '3b3295fada43c3397fffc75cfaf5c2a7b3f3575d1f94c1ebe9eb136b1e0582f8aa12a3a164f96dd9', 0, '2022-09-27 06:28:19'),
('46df196efca378a06294ab1ed71e584cad12697d6b7a74f5a8ba4a3c21605938e3d43fbec4903e45', 'e573ac39ac1e4b7e47ac43132773e4dda78385090ff5dda672371f48ad9e9cca3d4b621fc5ebe349', 0, '2022-10-22 08:43:00'),
('472d3df94d4277bdf73ab00b2fae5aab27f2519c8acd40b47dc80b7d9f0e37c2f97947caa0015127', 'f846b2d0855e70eb24878485e22aea02aaf74065ef91bf1b8ae48c7ca229e5cb27f8723596e8c92b', 0, '2022-09-28 07:53:23'),
('4854f921d2ec5c15dbba7cc7dd7946ab36726ebeeab10e81b2060ce2de069e46ada98458ddce324d', 'de0ad237038d68187cc52a813f9aeeacf58499b9be1727cdb5d1800c94e0cd4a7071a3d27573d2cd', 0, '2022-10-26 08:17:34'),
('488c1d5704cfd02b7c7ed0995bca20be8f2fc4f1de718005a6da0016d93876c35985c10f7c2b5573', '16c371b7ec555428cc54a482c729529bbb18a8199266686c0c4c8a9dcf41548faf41fbc11aa02c16', 0, '2022-09-27 05:38:42'),
('48ff6ff41ed877bab632164657a0b4a502dad12dd489796f286504c559827ce3f032f9e10384cdef', 'd6b862fae9b4ca7c84e00d397fb151cd96bacb5e6a6d5cba8f929c99a6b95c849a3ff5495ad63907', 0, '2022-10-28 16:41:27'),
('49d8880b50f8defc04c5f572f7a2cb01aad1aad5ea59105fccb18d549cfe848a8ac341993daa2640', 'b9b71e09f9b0890e1d7e4b3446e81f3c0a747ba851619ac155269f7b4787afd2abaed4e7ba880714', 0, '2022-10-28 09:57:34'),
('4a13aeafaa23c6e5bee2ff48e214be953106c6da968b8d00302b682a6c9cb1d83960e97e7f645fd8', '051d08114840af414d76c7dc8f9065d4a84ab6745307f5a732cefd8094dac9bb2d1143daf51922c4', 0, '2022-09-14 11:28:25'),
('4a26c950f250cbb23d9949546a36a69d6b0eeca45517fafe71149d19b430ccfe4ce96edeb1f2b1a0', 'a6fb351e2143e5180d208eff2996726325d69a0bb08784307ee001efca0c3215dce9e8e61c68af03', 0, '2022-10-25 18:11:45'),
('4a5ccbc6ee3d57be3de1229a84b87bef1cbfa05cdf24127951df08636a39e6be560de68d0df4f9a4', 'ceb69740cd558cf2b29576b20c0dda1396df6d9d25f99b0ab41b1b1564aa70f324a873cbbac7bf9c', 0, '2022-09-14 08:35:09'),
('4be9e60524c2111276e0ed59707a6f3a2f0738dd9bdf1a8d498b634d91739fd776d13c58af5990cf', '898a23ca60b7eac6a94287155f7004976f6bd43086ac92c64a9086920149b7a2d8942a2b0e6a0989', 0, '2022-09-28 08:08:08'),
('4bf72854ba09f6747124aa805eab8f875a249635068a95496401eebed83c40ad410664c595d2f5d4', '2d989de1d73a16d7f485677ff1df3977e4141921f604f3d49f0376c4848f98cec894b88440a58342', 0, '2022-10-25 17:43:08'),
('4bfe50e7e250bfa778e35654fc60cc27038aa5994fef6f6a67eeeca9b6a4c270b2bc6ab492651a2a', '6db21137747fe8c1ebfe12fef967692600fee829a105aba5ff96a948f291dd0077ed239d365d640c', 0, '2022-09-27 04:31:46'),
('4c1dd4b86bd47a9d8f3985c92f8f412aeda17973399d88109f7a8f43a2506fa7053a493cad80d0c4', '99d8dce546cdd632c3667ff01a93503a86214d7d96d592a567e513773e3a0a500c1d3b74a1501ec7', 0, '2022-09-07 11:00:29'),
('4cd2eb3d3a74f1f2daaac255c850751ea5fecb9ca92d6d3475b0abd77abcfccfa6b71daed30b4070', 'bdb40b8d2c8f3922ac8ef53fc09a217d235c72207d40d7b0a2576c18fd653592ef5e2302a8a8927c', 0, '2022-09-07 11:02:43'),
('4cd51e81719933f6fc2ac11c0252e426d3ff7ea9e49e38311c9357c69022aa5a32a7e33e8754444c', '8cde8d3d2106b0775946c80ec482052b28a1a40713184df847bf5cbf2b740967b502cced4911ef12', 0, '2022-09-27 04:19:53'),
('4dc9617850a8b032906ad7145bfdc48144281667ffa72a481dded05c31b796787a31db71ba6952a1', '402505b7f1209277375243bab3b081374e80305addaaeea03448c1e801059213c27bb2b8e8baf6d4', 0, '2022-10-28 09:38:00'),
('4de964593690d67a17d461d34315403a7e7fad4b9a4448f6ed0cb8de8ba792bb75c4cc7aed2580ea', 'b59aca1e2544d0d9c3868aacf2136e025f7edffc0f1d6a84545af0fe5a6a2079e9faa82567c1174e', 0, '2022-09-23 12:05:22'),
('4e58c814aea4de388425df4347bc399fb6c43b45b910f3ed3a4834ccb1dad8fa4a8613b7eaa2db48', '8aaf863f49a42faeb50494f3ee13ea4c704b1b4c7e62e47c87086f8c943ff8322af3fe548cc395c6', 0, '2022-10-21 14:46:25'),
('4eef6780cf71c6ae7c67599260088fcbd2e9b3686e80e214ee40ab366681fe5b9efd19b52fa7eb62', '2c1a9a06844b3d5c3574c8d27e055fac35c3ea99d7d512e4d8268aabc00374369a3b04e007d683cc', 0, '2022-10-25 09:42:29'),
('4f58b1e04e59ce8451bc278785480f42abec3a288eef178847b64be489683635da2bc7edf9e27092', '1e208cb360ff4d876ab09c12f358d83ad1823c1cd556e7ec5478feb9d904e738f8d6f6b19507ff96', 0, '2022-09-29 06:44:55'),
('4f82bba9e16c70916d461a5bcac9747e6331a8b5d79f993bafe1726c75badc75fc15777f2943c5d0', '3fefac6a24e8766ab1484a5f4ab7147e9531d5cad59e5aa547083b5e0d6e1fe98b69f01396d8fb18', 0, '2022-10-28 09:46:30'),
('4fda2f87c7cd07ca61ecc96743c4643f442b5be5ace36521bc0f8916839d211e0e4245eae23eaa28', '08319907846e66e5d8146533476bf43bf1813fa726d3810058c83f6b7737e75b552c1aa7a7e92c55', 0, '2022-09-27 05:14:01'),
('4fffa14cc14a8a66015d0d3ce5bb0849a929ce504ec6c0938af3b77b820374a416bfb983b5807486', '7a5542256d390899fdf7a893ea9b14b7eedcd26fad53fb473b5507c33a41a710fad4007e4e43b364', 0, '2022-09-24 04:11:35'),
('52d8dc4fb648f388646497510e6b8d61d17013be2d8d3cecfb7b8261529ca029bd19023e6d041504', 'e423ff91c2e03659600f04f74cbcf83d7289aed8d027608a382fba514b8e89a8435c1f45b982d25a', 0, '2022-10-04 09:19:26'),
('531c95414d371755089b721e7260af7cac80bc4a8842b41e258948e1cbb6bf91d99f7e583215d898', 'f39970ad21ba5b9fe4c80de885d6855db9ac7d7d3c95a59a18bdbbd988ff6bde2e402c7c627c2dde', 0, '2022-10-28 10:30:40'),
('532a3f2c82bc216071441160c50adbdb0cb978bcd5f9b76e54c4047b3d67f7d7733d95cec0a9b84b', '6f79722934ae8f10b559771d487e9718310e021f37e8bf04887bd0514ac279ea10f07ddda4e3d2d2', 0, '2022-10-20 22:17:48'),
('53af4eb16614959e83e91bc2a8a292f2779ea10fc20071ebce7fb54d794b47d2ac534de318197320', '9103a39d8c282c52dc84d5b045fd68d64bfae3ebacead138846621406fcacbb7da7f60367fb3863c', 0, '2022-09-28 11:30:21'),
('54690cd5fe23f9e698be34c795b7a3bba5734671ffa1f29de2095e8f4219f250cd4c8a0ec1f15d4c', 'cb7c1cb1f7ca76fcf0a65dd8726708e5b4987b6aa7e6fce77f71844085a43bb16a46b161bfe8e54b', 0, '2022-10-26 11:25:47'),
('54710c5c6bc74e51f2b40110079d01054a04415d40d4fceecf5a2f9c1cbc457f1f3e3a5682e18aea', '5adaa453f53a4ab21665c35bad956c14bf669b3519df7eaabc2260d72837c7e40847e47abc305a2d', 0, '2022-09-27 04:36:38'),
('54a1c9f05f46f3d49e35b81b679507598dc5a7409635379801e32e86b06205d2b8515d6bab1e80af', '71702a6d03e6cd9ecdb437350cfe9c74fa516e74b2dbbb039f557784ddf93bbcb945997f363d212b', 0, '2022-09-28 07:40:14'),
('54b30338c9fc45c31f2eecf5f73d6d83b2f37e97110692272a5a6b02d51328e3c421b6d81f37ab79', 'bce90c207aed2526653716a3e8113e3e4b2a7aa6fb58fa49c43222e9484ac51a21ecb68fe17a2531', 0, '2022-09-28 09:35:12'),
('54d6a8d752a1b7e0d59ab38bbdd4e8c43647ed43641b835d3744fb4c4e5da227e9dfbb8a169abdb1', '84d2ba15ee39f4b3855aeb07479e353378449510ca77cd13c6cca2ae89ab4c44f7ed6645c36911c9', 0, '2022-09-28 03:59:48'),
('55579f26265e70793e48a7abe7e6200720afd80f4bcc4d9f0dfb77caf5065f85be688237fa559171', 'c96e088ff8d76730ad1c264be7b6e85286da759d8bf352822c6a04ab56a6b0e9b9ee8f3ad6ee8a42', 0, '2022-10-25 17:41:58'),
('5558c88a4eeb988af69360d2ff9d0ec1e535cc89f6c957f36626adfc550c7bc666071932a58488e0', '438dd270781a072154d481fafdf80d7938016865c6f5769f6306df7f9335ac87d0bc6d02f25d49b1', 0, '2022-10-25 13:18:09'),
('55db30da09b673d5fc4821717ce8b11436d95150d792697a035785c0bfeafd471e6cce628ea0211c', '01df31df42b472f02b2c69e876c4b6a9d966f7727c317572f0ddad0c06c8aabc6d719adf0771c384', 0, '2022-09-29 04:14:36'),
('57934b04182372f4e08421134ca7af130e4e90a26ae9628cb1c51119c3c18f6365d73b4c454cf32f', '4e9848f92e393ecadd623b00393f7601b6935f27606687ce6178a350ba638d1f4f98c0c22695b895', 0, '2022-10-20 10:48:40'),
('58bfc30911ff707a484d017767afb40d49e707d163299c4b2d86d7f3b30702d9d62bfde1070d5f01', '424f4f1915fe3846bb003d45cd5668c657af15932029ba373f7f655e79690fecb4135b614975e968', 0, '2022-10-27 16:55:16'),
('5904ad8b21bc7ab503b99c29d820a2ac34b636609a85876746733fb78f3648e3761542712505259c', '51b93e144c4f4d741b141add68dd08b482826786731afa29093457bad90889bfa8a5f1ccd306a650', 0, '2022-09-07 11:33:39'),
('5ab26a5ef6dd267344ad4990e21075f5cba56c16ef9f6e387ac33e0fbf061ff58290301a18ed779e', '2b955b1a365d257f7617d5f1f78d53416ff988e1c862932c9e59d918b9988cdacc1642b21f506e88', 0, '2022-09-27 03:17:48'),
('5b0630c2f811079cf649143c261a635f8c11c35c21f6721a2ef4fb4340f9d52953160440df65e0e2', '5725b5c7ba8ca3f5136a7d16e7f69e5841d9e8a9a54df85573444d168a5afccfd3b78cdc46146ce0', 0, '2022-09-24 10:23:02'),
('5bb2a3ae5e7d99a2a0808336db65f2c42b3f2fd2373db888c2cf46a0309ae9461ab3d50d9e47e3ac', '6f4080dc4026d85215dadcddd34ae058977120a1d6cdf6b894d1a9f84cecd8c25f278804564004e5', 0, '2022-10-22 10:02:05'),
('5bed0e4d25b8ec78a85d5b98dd7f896b4f378f8845cfb92110a57c12b5a0fbbc18e17f28f4260fa8', '18743d9c7cf760abe0a5331d77cf3834ed2f21f00ad9152a89fe6ca2fb64bd76633d7a0c0d480775', 0, '2022-09-14 11:32:07'),
('5d2b5c1d96bc30342bbf8f543cfe826026b4bc136e29c82673a2de7c470ab193b03acd058cd85919', 'e872c1bbad9e2501e311dd99b70ff29f4330a232a64a675024a0b9f06070357c86fd8e9dc5d67018', 0, '2022-10-20 15:40:46'),
('5f62ef269a61a016b34c17c4654a631d97291f95e871a3552ac944ab562087f68fbfcd99b04155ef', 'e43713493c7d0937295ec67d821728ffabb725684fe58701106261a9df37bd8a54c28fe832cdb659', 0, '2022-10-25 08:37:41'),
('5fbbe68b2e5f016830c565d0a5485513c3bec00699100777dd05756908091680d404623044955c60', 'dc5a2e027c57f607e82a75d0e4fd00b6612d10d475323f3460a71815ba6083b59c17ac9f476cb498', 0, '2022-09-07 11:44:46'),
('5fcaea46fdfb1432b40993685e0e8d707553bd03d0fa4606877c8f8c629274671f3af5e0a69e2026', '8f01fd09a21c24e837a8b684f21e63ecc14e448909b847e42d3c6c4247d0c5bce2ce6097489da5e1', 0, '2022-09-14 09:59:06'),
('614dd0a8c8b31b599f709237d5b93d720f4bb2ada038bd6cadad51517d09520507ab10bbb662d690', 'e7d7871b7914e678005555fff510a0ba0a777768ff17113248b1fba4b976d6955640c61872397b03', 0, '2022-09-22 08:15:46'),
('6158893f8d47aefba332e85288074cef8ad29138e871323c97396b367cce54e2c9c101f589a4b3fe', '9b0ea4987264364c9bd745f80a815de218277247f64a9cb012c552eac33e8d2d65b836cb6d761395', 0, '2022-10-26 09:27:45'),
('6169aa8c8c8902797afd29c52feff4b4563f4de5afacc55fe2a2f510fa371c2a819f323933b214b9', '380f086f30f9552942f07d676e7f150e76e80d2f7daae805331264aa15266288fc00a0d5bba58b49', 0, '2022-09-27 04:30:41'),
('61d7d6ced77dca2b2a5c9ce19082497e2b853b198752d833c43e5b578d2e05f0dda88f3585ddb31d', 'a6d667e08e7f1d264fc38909894e059e582f630ce36149231e22c943d30145d8bf8079b5659a386c', 0, '2022-10-27 08:30:02'),
('61dfe2d42b05ea347e4d1768ba1f1c3dd8730aff8824ff06fa55a8d0901ee7e028b8d2a04b041b15', '15f19a0bfe62aebd4010097fb55e9e36643a8d8ed7afb989158a55c94acffb6327533c6502b0a9c2', 0, '2022-09-14 08:34:42'),
('61e32ec6ee2c2df5d5fefebe6bf5b89e543242b233f06ff934c706ba70f97f85e9e08554a441508c', '1a9e82b2d56c57477bc41f8e18a844916a13a4db333a57ac4d346dadf43aa28162d662a0824b7a34', 0, '2022-10-28 15:39:44'),
('627607ddfdd488ae87c63a9792fd0a470488d05a54608febfaa11bf454dc3e46a6fe3ee619adf398', 'db6468a07f07db5f3af3f320561047d53f3176110be505c2961c25f89879f3d8243d45ea690e4c98', 0, '2022-09-22 10:10:51'),
('6286a23831611ceb585177bcf64df7b6ccc53f547f9ca382576ee358b2d9ddef1c530121be276029', 'f7fa1980053b27ef3b6b9c5882b975523fdf6442f39a7c5503367d96d1efab126f6a9f68f8836cc1', 0, '2022-09-15 04:11:53'),
('63429cd05236a8ccba029252bab33f243c87a11a0d60929fd09d2499923bbf8983840cf23a4c9533', '770f8f5b311245e01af30d11775bdb3f98a9091cc88c8f59724f69f337f44144df55ef2e3a2759d9', 0, '2022-10-26 22:07:52'),
('63c6ae20a3544483be0237b7734a5f5c808d2fc7f7a3425e26bc31f6f34d3213c18c368a8c55a77f', 'dee971586053caf01756f227f32ceda4c3c57f3848cf66320d9c853652eb581792b563c046eef0f0', 0, '2022-09-27 04:28:13'),
('63dc2494cf09457be599c9068fe4158d3c9623109c5b2c58e4216424107b007f8913a30f049dbb52', '56dda1384f65c938857bb31da7c72a8a4b72253585bb047790cdb0839f62b66035eb1ba2b624e446', 0, '2022-09-28 03:52:11'),
('64c657eb2881522513516b5ca2d2fa394718d3702765a7bb1a8590a0a10e061508ff17185243d2f8', '6cec3369671fad8f16b14d8e998b19ec6258e2de7acb3b8a025e14fb0cbd7699d885f731a0db6aab', 0, '2022-09-27 04:28:11'),
('64fe45b5e44ff57e2af6fd791f341f75e942b4db64c767b9fefa2b253ed92435d392577a8fefaacc', 'ed445ceefaaefb701b1ba071b07486791d0f6ec3fd8caccacc71b174f4d9282d33010b2b19ec9310', 0, '2022-10-13 10:27:50'),
('6531ddc9fd56fe7f56da298bbec13380c18042a7ce9df0e5daf283f5434961a622b3f30c4941be67', '5af5a5b0cbf3b94211a1e8f0d588aed66d7cd80ebe8b491bf5c2a27234e00aad66d738f2f177b443', 0, '2022-09-27 03:54:42'),
('65f06455aecfb34988811efd8a6a4a4ffb320e6bb90e2f0d8cea16292e86609f14013fcec0007187', 'bafe2200fe4539531dabcd6c657dc975b12878a5a5080f3d78bfe87652f536592a294d9fd00fa69e', 0, '2022-09-14 09:54:48'),
('6653e75c3091ac83c4b813a01acec7473ef8b86744956127327b24da44a22892673dbd8f63af4378', '1bf30b82eb55810d29e62fb30ca090d3ce8f0e186690a413f5ce81d08c303bd3cc9ef3c212cb3d50', 0, '2022-09-29 03:16:54'),
('66aae7fe7bce77f044eb483385f7566c2dd8cd52fc5de936b634310c5c2df8bb217b98e2ca02688c', '172e3e80d74f72f164b77076668871bc1022a405c08bfb3fee53e060a3a2e7c17099cd4bffbe34bd', 0, '2022-10-21 08:42:06'),
('66f61e159c523991b148951b24da3c087519c05ba00edec691bf89d7598ed2a0e7afb9e726df0e3a', 'fd57c913fc0919c6208fd517a8e9fc887e926f36803bf28d5d40ad9c87041f5fc9a28cc76d008abb', 0, '2022-09-27 09:43:27'),
('67100b7ec2b49197aa90a7e03055993a7cc7b8fb92af9a2e8a94b505517890c143cf341794268c1a', '6c9565b2563440e37610c75977e58e9f36e354b90582e35cc2528366a8b986e0d2e929ff76757cbb', 0, '2022-09-27 04:29:05'),
('674f0ac2ee85f01bdb3e83598ad7aaa028d46032d3440c0735c0eae35d7e8cae0343650e9a8d30f0', '60254c63b9e3c7b4fd02e06980e185a317b3f9b674494380f1395dfce46bf25eb45b343c59af4a7d', 0, '2022-09-27 03:15:59'),
('676dd37328739d2755dbe7571a85c5b512bfbbb5e3a9fc26ae5bd1dc37d1ab93fdbfe03f7389d4bd', 'fb1315d83658b0f1f112677c875a0fc3ffe249f23067d436155eb9e670b0dc4ec5c3f248361fa0b8', 0, '2022-09-14 10:00:01'),
('6789926bc5acb60616ffcca0cdf4615f067e45253634ce4f30e9d7c93dc2fe303bbc546992cafd20', '8066a4e86df6942bb46e3d6ba8c523c2fb74b41e37aff4af2f1b576a669b6ab62813c573b45ac8f3', 0, '2022-09-29 05:23:10'),
('680c236329087b6092e6f73bc3115191ae8f10347d6a19cf450ea44fbe383bf7aca0a4617a8bff7a', '58ff0baff4e5c9d86c0f5532beed5d8595caedfdda2a17849c5eded787d622637e44981186b07e66', 0, '2022-10-20 09:41:22'),
('6820b319d0c9237fe56e405627ca52de37336ff53a95f5551c46eede33fd4113ed058c7d19c7b994', 'fc55730d3e20ebcb7a47e88288db0c3c432eec91a75bbd73bcab73e4cf42769f4503f9ebc55d5f2e', 0, '2022-09-30 03:14:01'),
('68559936a5f041b7db91323c745cfc6fc9e347f023687fe49bd3b236f5e45eb5719ffc35982dc8d6', 'dea723b757311bd9a1f2c27862e03241851bb4ded054cf14b2e4842c517fbd7884b4b82abccfdd2d', 0, '2022-09-15 02:33:24'),
('685ac14c3227fae39061b9cc37f371341fbfa928671ad7629d4fd2460b6756ce7c1b7fc26c9bb437', 'ed2bbd508148f03c0fc0943e3d6af6aee21183fdbd8612799f22a3a05d6024d6cf5ea4f1eff2804e', 0, '2022-09-24 10:23:44'),
('6a01f93dca2dceaeab601c3b7105a9e60e712c2cbfceca3d5e9fcda60923b6607c725d7fa1267cc7', '80610d0e2bf4ea6b67b4c8863256122167e8a589cdf323c153933bf3ff11ac949bb008531c04ba3c', 0, '2022-09-23 12:02:17'),
('6a48abaacae299785c95bfd9ee3e3b21e0d070a7d5db50e17cadbd72f523483f4a7a61ee4dc0228f', '3aba1e621acf31fd1cf2a612b1793a1557048b63e6953aa68f53a64d33fce7c15b7c41c0fd5a5e3c', 0, '2022-09-27 04:29:21'),
('6b349e48f0d60b44644a7a37321b7b75f40937430938aa53009ca1463e9384966a29227c849bf9f9', '68eaee6b6f42d4a0d63ff50612932c10a691988dfeebb56ca885f7d6799f589e5a7c381a20e7379a', 0, '2022-09-07 11:04:20'),
('6b4662b618d5b045564a442a2a951d2d42ae44c3eece276504697d8341dfaefe13e0dc00e5e5c3c3', 'fb6872563867302ca696d40804efd42ff635aa7fb63b470342428fb209e89add9fde2dd34aa60aab', 0, '2022-10-28 09:57:07'),
('6be7552a24f8ad806e6ad9bca8148ce5f76b4b73525db0b5ea5fe4fb5622de90a91fda2265c73132', 'bc8d6f09b3893eea7c07feb8bff65b94af740b4b594916f69d43351dbb26ac2ce89662645801ef95', 0, '2022-09-30 05:11:36'),
('6e517e5ddf6c935f65bca302029f41c8394ec29ff8444c3de0734be25732429c349cbcbbb550e107', '865a34e49e67c6f67eef998f2a4c1d64e1301e85ff008f932127ac60517b4b2ccb80b7f07b44e502', 0, '2022-09-27 04:54:26'),
('6fd6f8165abff374339c8f1b00ad8e3df0ef47086f670b3d03e21902372f678a815d051d0c8242c5', '64ba8b9e79e30a671cced9c5acb90fa450ca7098efeb03a7f6594a68cda20725f3be44ca7d34754f', 0, '2022-09-29 03:06:53'),
('7001cae00a4459750cf0646192659d9a5db3ace7d738469be0c3ffd104de1696e69acc9da534fb8c', 'b60e6883e2cf361b8f07978a9d5a859cc8346cf54cc81d87507e50a31704564f39f2f84ea02c98be', 0, '2022-10-26 08:52:20'),
('70a023215d9ffa45b4eab660182f4f4f0ef68e148c3e70375f067e45b5e541be70b595780dfd2033', '6e4fe604d5db9889c18379b76555e2f1832e0821474e6abf99f6f078f80846fa98aed831741c94b3', 0, '2022-09-14 08:43:32'),
('71866f3533a7195b5f54f9d08b2455eb8f735ad34f7d149794ee64e3aae66867c1a0628e42673ff5', '6eebca6f8a57415a5448cb85ac1d6f63f8bc3a927f632d9c204737348041ac965f70a9a2459211c3', 0, '2022-09-14 08:35:15'),
('72cd402924b2b274213392f77c95ea940dc99883b2793928cc2e31ba143eb14d29a1c6396be858d1', 'f34d39b4230fa298d2e67e19889183657b51e88f920ce57e14276b360965e8fa6b6212183c1a9eb6', 0, '2022-10-25 19:41:05'),
('733246a09c235ced08554aa3189f3383ff14567f25ef76ecbd81757f40aad690c32b77d15b0ce580', 'a49803f312bf7262a77d759fe1dee5937a49da8894b66f2833b73d772cffef4e5fdacf580b14dce0', 0, '2022-09-27 05:38:21'),
('7388b81fcffa319b6c9f35761c32546ca08b9d3fd4c0d8aaf3cf359fc01515e369d9d0f0f7fa26aa', '65b8b626fa08ec694772e1187d08d280133461586b895d3e8d621adf5c1d4a5a3497390880ec292d', 0, '2022-09-17 12:24:24'),
('7430c4d78ead162b123b87314d0438eec292b0e1598d3387295a1c26540c0fa70effe609ffaedaa9', 'fc82411aed1f2de43d65f77cd000321d7e34a2a85f3f8b65b9aa3a3dfdeed1cc42340407fe11bc65', 0, '2022-09-27 04:21:18'),
('74828ce98211051db63f974598744c127631cba8dc4723d13478c5db5d6a2da4d05e7c1172ab9faf', 'a2635a0dd2101b8e5bda2cbb85b2c7406a5257d626ffa4760513e3b37902c4008ed4ca79f92c38a5', 0, '2022-10-28 09:28:57'),
('74e9c326e8d6dcc0ac0cb617fde4ce0d75aea0cf12bc20131bae7e6c4e8bd6026c2209b91b9426a9', '2f569cfbf56bf3d622b7bbe3f98b7971597a8ac09f4ece231e1aac9a0278f3a99a6f46d97524f1ba', 0, '2022-10-25 10:19:04'),
('758f870a9a00d2ac4eb722f3b86438867c25f8861d6b41d788255a915e353ac2b0d6b41202e59995', '1c55075a11b219233aeb1ac92cb80607a881a2123d0c87176885e0c658db209c1b1fa3b50bf0942d', 0, '2022-09-29 03:56:19'),
('75fd2bbb687667a92d4e26eccdf2b612c2c580b0da8294868efd4a0dd111684f0eee4ad32e791df0', '93e4e1966090493b8f9ccbc05621e5670225fa1328ccb6d0cf867ccf38b35fbe80ea913239cad7ec', 0, '2022-09-14 11:24:56'),
('76097599025edc7dab552334c5408601a1e2885c9c9d2ee7e943fd859d1b7bbb60373a374aac579f', 'd8eaf984fe6fbc09eb3e1861d6ddc04fb7ce4deab0c4307ce7258829e2b814608266732691e8cd0b', 0, '2022-09-15 04:11:59'),
('763d3b932d091f6af0d4fc203edf85da908b8273e98f3d3d08bd0869d2c805e1d24f64f6b4a359fc', '01af3a201965796b460d8c44fb5cddfe000cf34816abbecd35a30fd7fb898adce6a8abf35e8ae9c1', 0, '2022-10-27 16:31:28'),
('768af642b98adfc6b4e43ce06d0644ce5655adf66b1f90787cb240d9f75c93ee3518438ee32c6052', 'acfe6d940a470fea0310a20665b4a0fb417564372df710211656ff204d07ddc86e7ae933c75200d5', 0, '2022-09-24 03:42:32'),
('768fa614c9b7198390443b18eb19d52e2aeb3ddd3a0ba608531f0df0532e794a66d864c35bc0075a', '66ab7776ce05db95abcb159ef57f8863631d56907c4d9e466256ed892a2ce1e05ba21d468f5ddc66', 0, '2022-10-21 10:22:43'),
('785f1e8589a1fa1bd3f72334cd8304d572927ed198e606296847b74ebada3ae1bd22df9a7b225c12', '5b3a1292361598b80c18180b342187d11c0471a46d42e5ef0be4ce6d1c1249d920da5b070d494d5b', 0, '2022-09-27 04:28:24'),
('786ea943113ff9a3494167a61335ac865b7c07887dd072dc045eb00e87670b7e6ec957de9216cb6a', '610127a0b3c9657bb4cb938a83dede4ebb0c449b8b8706fa9b4bf299495426eac6160ffe253293ac', 0, '2022-10-25 14:06:31'),
('78764d39b96d45ac6c52bd17f9392bed0bee3a6339c8c308bade84df02b788e777457280715bac0b', '6ab563c3266d7f84732166621381166019502e79d2f1532f007e9d4ab8d0474771f8dceacd3b0fce', 0, '2022-09-28 11:24:31'),
('78994770fcf2785c0dba0e5b301f7d73fc6be03adbbe7e80e88f6e2924d8c2550ce74f79a39fcbee', '5aed59123476d8e9e7ffb78c88b26d3d6e3e29904fc9021affeb432eb945b458200ae014ba9e3fa4', 0, '2022-09-14 11:34:35'),
('7998984c23af48f1edf0e8681f1ef3f0e8a9bcd0ea0b27bca6bbac4afa667908949cd5a0d7a0f4ea', '86156dbc56430e33632c7078b070641da3fb0c37bc005a564840238c1fa19a153296471995b54a1f', 0, '2022-10-25 14:09:21'),
('7ad35cc0425da8150a25e57e889e2167d95d5dd9cee45f32f68f8a0c3fc414bc38161e0d495c4a1a', '8a22d7a86b5944203abd92730d4229775657c76ccce741e1afe8de8282b4bb3ddaf41602ddde8c6a', 0, '2022-09-26 02:48:32'),
('7ae72c0f5c715d0b268f9d531fd3d341661d5b9becebb5f8d416dbb379dc4fe6e001ca4f43f2aaec', '6835fb842ec49da09661b819b498664d90848ff0738b404e5be7b889da8b8a73a88ac640b77ae5c4', 0, '2022-09-27 04:28:11'),
('7b1c20bc846fffba18685a04ffb691d1e7c173e1c1fda3e31ac513e949d19d5f139775e09d735f56', 'b5edb58dbebc73d15ceb6fa9e0f626cc88e3e7be7ef7b10214178e5a1541c96b8926fd14568c82f6', 0, '2022-09-28 11:33:24'),
('7b1cf3a919cbeeecefd7d1afe89b71777890d669a93cf0f4e1e804e87ee5a4297b45009e5b1fe87d', '106147d8dc257441135feb74a30e20f4c1ace01a0d59ee9faf7b0bb099654ea4dea75ec0d52d9974', 0, '2022-09-07 11:34:49'),
('7b7ac4522495c0356742a65545148b167073b1aef2a3db408916981b22dc524d081535f623b0d839', '61bfdfb0256344f2e1dd775d1f383c08fc7b1d2a1908075258821821a62431737fb9bea4952d9fde', 0, '2022-09-27 06:45:46'),
('7c7cc772abd692c223938246537acdfbf0bbb6958a869064ff9412a42025f0000e730978b783460e', 'd033bea3130901df0ff4e08548e7817eee000d0ec7c681043d7839474f2ed73a7808dc4b1a2cc639', 0, '2022-09-28 03:43:43'),
('7d2b5dd31124565622e61e22a1fd43df41e608b8543c89813a7a7036b1112961e97f620bf4ddf35b', '0205aaf193011ea5aebc8606f0c4dfaa67403b82bbef7e40225cb9d751e2aee6b3aa935c797f7f15', 0, '2022-09-29 06:37:11'),
('7d8a06296d683b7fc6b0424a3ad596e1e4f73fb8e1e690c119dafc5c12dbca3a8f76b137451ab729', '4a2b4036f8850dba0dbcfb0533987becb56fa105c120f3f30a51ba423bc0111f0fd9d50f37346fcf', 0, '2022-10-28 16:38:27'),
('7d9a2007997130a280229e00f4709f95cddbf7c3f505937f78a3903a068984b8cdc529017ecd0bc4', 'db91e82ddde719822de2e3c4928920db4ad46cdf37e99954357b054b867b2e3152f723268b5b6ab3', 0, '2022-10-20 22:21:26'),
('7e3455a4822c30702bcb9b0a77937de24b1b5873d2aa57669aa7bd9e005d57e0deb00dc73287bcf2', '2ea8738bf6e11a1309ada2204ac7399f81c61c44ec71faa21eeb31d769efed9c66974e98abbc71be', 0, '2022-09-28 11:31:52'),
('7e5667913dc16b3ed9c0380b1ef068cf8574b8e91916e609a3b97b23b900696ff0e0225fb698073b', '7dcb6be09083d7620b493e9651545132c8c7ad1b7cbf9a5d44d7f2b327d8ae4e07a6faa605cff57d', 0, '2022-09-28 11:37:35'),
('7ec08203ab446de366d0e39c32f04cbd1d7627b7021c3f81fee50dd29b31765c3047a192125f4275', '8181b8b0b54d86cfe1512f83da52148a6ae1398a6fba48744374deddd92438d406e53ad2ba5522c2', 0, '2022-09-14 11:27:28'),
('7f5db3574e1c69f7a9acd9ee10f618a74acf1f7a726ad6d5fbf939bf246341dcbb9cc9caa279f0e0', 'c7f7937853cbf4f8165144ee4f70c86ab5dec6128650fdd778635b6584154ae85986b27bb80f9479', 0, '2022-10-28 08:17:07'),
('7f64af0fc9af0c382563dc3a3c07f9b8e014bb2723533e8c1e655a3c64e4c302d45e8eb1c9d8016d', 'c91ab17d14c8280256a6312f3002e216ed62811a9064ea4aca982fee7eaeabad27c5d48f497cb1b5', 0, '2022-09-14 08:34:57'),
('7fd18ed49ab2fd6adf4847e01bcfdd830ff2969b96db218dbfb4fe97d27e33b0c5af88260ab20a26', 'c5cb356df21217dbbd807387a7e331d4dd9bf9dcf31aee62008cce3f53cc0b09fce4337a10348e5a', 0, '2022-09-14 11:32:51'),
('8024886863472c19968802d21d406592dc6cf269d9889730b6cb5c0889aa313f2297610bc267f3cf', '7f3438d804c0815c9ea5cb0b8cbd72020128141dbe4e707310721d48649e08e9bdf747031a389933', 0, '2022-09-14 08:48:34'),
('80b9a6a863a75ab805a0d11bee86b3e86cb5283c5ec6ed0fef046186d436d77c5e121a7ab86af00b', '3775883ac219584a32e1989dc0e5b817924f28899b69b77c2248d6f72e97706b23b3b436a796094b', 0, '2022-09-27 04:25:36'),
('81160955b117313be3448f6413ffbf8518f7aed3583781eb2ecabbe1ff2d8dfe0f0ad2f21c0d6299', '3147d235c3ece11f77e8bc6708319158578f614116e68076d3d73ce0522b3fd8f3c577c3a4a96bfb', 0, '2022-09-27 03:55:28'),
('81decf76a2a515c6121b7fdd968f07d1b64fe3574f26c10015cfa41f61e2a56d9fb6ed099e04d7df', '5d1979c9f12fa5bfd9592ac084d7e1bd3355972d5f140cee2af6e4f6164ebf574f9f21b5fba9cade', 0, '2022-09-30 05:22:44'),
('8392d12e9c0fe4b0027394ee64b76ebe7061e234a1c8c39c258cca9235a6008e5b8aa7411520ce05', '7a7baba03d58aa246fe79c2bdcbb55aa0c6899aa7203e68d9f22ce91448655baf74b32fa926497d4', 0, '2022-09-14 08:43:54'),
('83de6505e24d0ed88e808d146eba9e917d2e21b8777599df0526013a1d6862f3f8faf0bd648cb249', '2cc18528f74b52e855021874fb941f74ee11018f1931725ad022c01402ef11ab18d3f7b3f79bc14b', 0, '2022-10-25 13:50:15'),
('847fd55ad2ae08ff9028091c9b6bbde35055575ca28bf05b7eff122c59bed538824bf534f61713b4', 'a52912ed536ea337cedb6c67f9dfe2f4ddd1a71fd4be347db4282505b2b34767cf163d7c69285619', 0, '2022-10-25 14:48:51'),
('84cb7bd9c9364712b010821d9e56dc9aacf07c871cdfb44a8f7b47fa1d9a60dbe56fd03cbdacf6cf', '7b151567c1388e4ac8a18b37d9a00ffcdb03ec01ef3b7887c07a376125927927be8bd4a777b78ffb', 0, '2022-09-27 04:17:09'),
('8566cc493d607e5c3c2ce9d10b9b1424dc4d05c5d35b671da2f5cf4421eb37f34b84faba10f2e1b4', '6becc45cc625538074c0e1baa81715da4453396f7c165acc1fb3e7889961cec908861f8344f8150e', 0, '2022-09-28 08:11:10'),
('85c8e4c8acdcc30c31c9193c091d078539a341ef9b72f9819bed3715be7bb23b3edd20b70275a415', '10295827035de6861d36eb2aa2807a6254bf4615f7d9457859e272f62d33e793a30624b685c9ff8d', 0, '2022-09-27 04:28:14');
INSERT INTO `oauth_refresh_tokens` (`id`, `access_token_id`, `revoked`, `expires_at`) VALUES
('85fac422d42613b4fdc3d25668628fd809ec9caf58791294a44f0c8f4c2b685a453969e0c9fb07ad', '32aa1d68e249a9bc463a0d504f415f8d2e6088183ea1a5a50702bf54231d956135c8589e77e5bf38', 0, '2022-10-25 18:14:05'),
('869ce4b409eb86b6b1c12a370dc3f5c95949362df1e0db0deec3cea770be8b7f23ca76f3c74b02bd', '95c266aa88212bf30ece06910d76b70e9a2304561129184041be06da83ba903a9af4a5ed0bd267a4', 0, '2022-09-07 11:45:10'),
('86b374124f6eb34dae7824817bf765fd15b81e8184d0a92a963e73336ca9660fd23e259d8c809fb5', '52840e28dea36801eb99b55bee7092281736682e7b99b1b4de44c75d8a389fec386bb0333019afff', 0, '2022-09-27 05:17:50'),
('883e02fdc7a5c4de1e4c04cf56f8b44100df6a8210c89359d39b23b63ab8c50cfbeb9c6e4e29ed79', '9ad1f9d85c7d53d8c22f8ff1b3fc6c28c2d2b4062d6dfdc31a663adbef3c7ffb9cb6c4e790bc6ff8', 0, '2022-09-15 04:11:50'),
('88b1c2b3dee31939f3a8662e7a5de908ec1cf276d7b0d74cbe94e7f591fb864e8ef10663e0474d3c', '1c7128004c03377052863f31895c88bfad3c0f5c15c59b6b6e4f952a41575b82548a83445232ec58', 0, '2022-09-27 08:56:43'),
('88ee41187d7341038ec8baff562219f5ea681886099a00985ea083484891f476a57037aa9f97545a', '735cd074bb3ec9daa861b80d14de2d16ced2ab047b7d8aeb741815e4f7182e811b93434a54fe98b9', 0, '2022-10-26 13:23:42'),
('899e058cfbf8816c3cff1a3e1b0d1ae61fb93fd78d74a5e121c93aae20cf0224e7b417712357c08e', 'ba9793e991782db07ff5df1511fe24954786da8c48a0f7ed6b2b9c60eb4e9277efc4e7af4bcc5d2e', 0, '2022-10-26 10:25:35'),
('899ec4428b195d6683d20b2a2aa1dc7d1da30ca805855d588f394f6a67e1c5aa6794adb070008c85', 'aa772ec9d3e11dd7a91060e0279ae0d2822e83873dc9fcb37edb92f738e2af1aec8aecb2f6d1d2f8', 0, '2022-10-25 14:42:18'),
('89fdcda09da91cc68ab31bd953df3d1ae8a765e36ce517ed9086eb799ee5c3b5b2621ea9c44f851b', '066881d9de962ef1db272b1ff4be923ebf0247052d9697401db5f1614e3e43a8ebceb91a6df6d813', 0, '2022-09-29 08:24:54'),
('8a6db6dc006184b6425997075770aecbb32814e8ac87a241057a38f98d22a07ad2ed8eb872b4c4cf', '164a8e1a63e05db0aec9e6ea9886e919adaff661472a65f36fe74e8e8665036ee1f1579484777c0b', 0, '2022-10-26 11:50:24'),
('8b08d9aa28ab3bb41a4feae846282317c92afd6ec4287184f43fac99e7ac39608a53b4e87e6687c8', 'ce7258bcc52302518d48721aad82af77b90a9edfb734a4fa65799db419fec68c37b831f19cdb0cc2', 0, '2022-09-27 05:26:56'),
('8b8764b3b5336eb3701b56adbe9ba51ae1ff793cb6d29748ceff499a3f328638bfe2078faf841b84', '39a65e6ba6ea122c47914364cca6a55b180df9f37c720497a40be87b65abca616b537918caf17e1f', 0, '2022-09-28 07:35:18'),
('8c0f4d27f5a5756acda8028ccb4919bfaf8a11e9617d99b881d0e2ecfb966a0c36567205110e4afa', '0e8912f29689bbe778a78bc84517f52b5c02da4c4142087d64aaee148902853ceab289f7ad2850b1', 0, '2022-09-27 04:35:30'),
('8ce8f3f0a1b2700b4be062a3719209c5a83fda16b543149ee7d93401b3519977ad2e0e628824b7fb', '3fafdf4165cc204e3fdb965ad1f26b1e6d1097733ede4632f2c06ab99faabee06319deec30d60767', 0, '2022-09-29 05:57:34'),
('8d6a3626e9f906233aab7578225bbc46d83ad0b91c70cb21c09e26c7b58beb178b1c4bdd668d2f7b', '9c5ccd070fd58d790c1345b352ff4afc7ae4b91b556962c74ce4b8ea1ce168bbb4c9117c96ed0c0b', 0, '2022-09-24 04:43:10'),
('8e5ab0f80c8e298580e78345f3f8b55af9512c5e8f59a045199a6670e57aecbad77d854ffbda36cc', '602f1a2f196bf856b798b5e386bf61fb9fe5fe6c2f9059f5374acc567e285daa18c720b88daf2a55', 0, '2022-10-26 11:26:56'),
('8ee4b035a736b360e64be927a94d10a731469c3c3f92714fc4cb49d7f99aef176de6742f1edd3fbc', '66728a391cce2ebb1622b32ee2f477b750a0ca41aa39e7c0c020c667e3d58e5cd8261090ea58e536', 0, '2022-10-27 14:52:46'),
('8fc945f6512cfdb5c2fcbba732e7342b6919ee1f7569fcc0b0d53ae6a11dbe177fe2fbd0d442f099', '556a1f33f15977a6b29b0dc9077d4f6d53e1092301e09b7abcc0e44e6cb307bf6346b41de34b4cc8', 0, '2022-09-14 11:23:55'),
('900d7f12193373028c562b2bc840aab2bf86453f80387ce5aa095fda664077dc1c57ec046c380e4f', '00efea91fd5174396471b17716e65bd22a3502e62b6826c60956e7307b329cf8d08e3c42c5beb919', 0, '2022-09-14 08:36:01'),
('904677d9e8933a963c94fad17ce2cdf2c438372508b3fdb0460a05cbccf0df832fe7a2f5976b6ffb', '39107ec4a068a228bbdf2843a2c866c62d7ea9c024b0189ad1215265c4ecdc470b1aec38a4aff4ff', 0, '2022-09-27 04:49:15'),
('90c413db5c6d1d4ddb139b5a1281e6d70547de625be3166f1d8e0687e4508eb4c049bee0a4d28847', 'd31ed1de10fe0a0828dc05191facdc278b6557574745ebec8c8e1b4ef07f74a0b54b0a0be071b319', 0, '2022-10-25 18:11:45'),
('91e3c330c24ccb09d0ee508282b58e721700c5222da8b38d5a988828a7bed04cc50ad8a290dbc7fa', '064986f4fd650ffb44d6293b8842f5a27156492c53bda6148afdfff9fddfc7450053fc94608f2e44', 0, '2022-09-23 09:58:16'),
('926cf8d87d8110c12f73e91555f3e802b755942c60c7ba60a86d069df8767782fb055e4e9f75ba0c', 'addbd2e4f97ca1525b3f8fc3686e7885f26c5b2d31fd0222cd73a800b454c1e2f978ff10e8bbccd0', 0, '2022-10-26 09:28:16'),
('93138b74e8e151cb45dfb30964ad7806264fcc1c473742ab030358ddffbb537d8dfddc131fcbeeeb', 'cca7e1bd75615d594cd6c02b047f556e664a868918bad3781a3e51e9ce30715794a1b3cef9bcc837', 0, '2022-09-14 08:32:14'),
('9372111c7d5f51bf3f3526a5f078164427aad8de4200c3d32dafa9394143f776f9e4f477ab4cd2ff', '59d4be3742e1e35899eb1ec504a451e628e117e97b0850f09d5d3698c596967ab6100babc44d3bbb', 0, '2022-09-27 04:24:54'),
('94b6fd53aaabcc470592d4692440ca74b8c70c0a10fb263d179acab2c285539b073f6985ae990fc2', '3bd36deda86bcb8b4fa2a8dde35db4af8564df9e22136cd1edfbe102d0cfd047f38b3ea0abcbcdee', 0, '2022-09-27 03:53:56'),
('94f926c71f5f2697f72e6c17243b78712992e16f1b6f49b7cde04fee26147172239a4f8775441113', 'd9b01a7a900510ef949bb3e6ba56db06d0df16395a6e80c1eeee74ca48fb086ac45bd43a47893d4f', 0, '2022-10-25 14:22:45'),
('95011d5bc776112b9c90750f9a71479560f1d0115dff47a4b2ce900a749019e6845bcb52631b769a', 'da7dab00475a0f794d741aad606d869c710cbbd7a342b412aa5fac3ed2da7665fd719d5e28701622', 0, '2022-09-15 04:45:00'),
('9520c350237fb2ef036f72ed4575f26ef8897103609b5dfc66bf79b50606f31362dfbb208aeb0ea0', 'bc5a24a8ab0ec3c9391b6061c1b2ac52223ab77cf8a7f75e00fbaa660ad9817ccfa66979e892f2a6', 0, '2022-09-07 12:35:49'),
('95784659cb58c142b1404aa12b0e8100df91f65c0711f65ea15569bcdf2e6b2cea8e04c5749732b7', 'b941cba9112886371de32cc4627538b03a48320b684b5c9aee2d010798516797bb700c968f04a70d', 0, '2022-09-07 11:43:17'),
('95caf73050725a8818dd81e1dc82ec520977ac85ad965c9517f431b43965dc2bccdcd047547b77e0', '76cc52962266ac541ef154bf152fe69be841fba6d4b341d4ea39b18fe31a3564a30e1a258a4eba13', 0, '2022-10-26 08:41:53'),
('97b456950fe898e5e5777410480308f650930f98d6b0bb6ee725ace170baf07c299a0cce46008c0e', 'a0816411349a79d72031d45ad9647713221944cb591c95bb34038fd6c8a46537d2a6b84f3da7c43a', 0, '2022-09-24 11:29:35'),
('97e032a59152598a2a4dc9e5f80734e6b0d7fc182879b8350a719e4a927767ee14241943cf6aa694', '63bc1b9b3dd4cd50fd7cb997ecf575b9963e98fd17c41cc36cdf3ad48092e716b3aebc3832e918d7', 0, '2022-10-26 16:21:14'),
('97ec3f83b16b619bf31bdf7e2d5633d490e67a90f4f05052a043f3c4b3ffe68b6c893e3beb51e272', 'a9bada9748ab0fb41eea800ce06e2aa28d84b0bca419ffb6ba1152152a3558dd458a6c270efafc46', 0, '2022-09-14 08:35:25'),
('9842fecac002fd881c3924ac669d7b3df1ae61ad7ee73826b76f0796352f15e8e57753cd9b4fc3d7', '96a6ebdad7f12b664fe7c1bd8ac111edb70f14960c04095457eebb12da6e501b69f4dc1028a47114', 0, '2022-09-27 04:25:07'),
('988532e63b7d5aa8767655edb991eeeb4b69c4f887943fe1bd83a25dd488ec2d0b6a0d4464b4e4f4', '3ca69aa09d6509ec7187368f9622567eed84491f414d49aa5e7af9306ebc208f540af973ffd8f3d1', 0, '2022-10-28 16:39:52'),
('98f65d7d36f1528405f006207e656a816d585dd037e6a78d288995e6812fe882cdc247c5b93b0c02', 'e39d9e62e94ca46e8822ab7e7f820255073196c9b70d0b801f2c04f3b6d37f114cb65bc4617dd87e', 0, '2022-09-27 11:35:28'),
('9947e47b657a5ee4a355ababfb12d949dafbe638c501c6ec8f1d3fd25625b38f62da84507a1617bf', '3a23aa2bed67c5c18320cd8a7c7d672e2443ab811db92202a429a6713a1e9952a2ce043255a23858', 0, '2022-09-07 11:44:51'),
('99fd83ba7a1f904ecb10461c3c7ecc057657b5e5dd82cfeb1c4debedeabd68e3620048083f49605c', '0abf15952cfe6c708aa427981830dcfa7f1fdcdb5501aeb2112fda4a3ef84a2265870861148024e1', 0, '2022-09-14 08:36:15'),
('9a54e350e71f61fd90d459a35a602f106bd57877e36279489d58b2b7906fc2392b7f534c57259bfa', '511fa2340462f02b1d7e7cf08fe09528ea2da93080d700f26f181e1af000694db75ec811d505622e', 0, '2022-09-15 02:33:35'),
('9aa61a270d03a560d859e64a9377dcde6ed1633dba6c408890ab7af40699cd85dc7b748a78725953', '16ef4e9a4927f59c212c516df587eebbce5182708c062e6bd508dc2b1f4f96efebba197bb999c736', 0, '2022-10-26 11:55:50'),
('9ae110d92179e986fc384b64a505bf35ae38f0f4884227ece6c7311a738d74e954ea16ce7402aa2d', '8091224bd1b5c00f89b5e3e6d55cb32dad5e5dc06d0d9b2f69187b08a69ed2ef1935294f33b26f3f', 0, '2022-09-29 05:19:09'),
('9af86a0069a6dfb6a42f1825dbc86d6f3428c9902cb7dbde4dd0cc53a9ecfceafe777d66a98cfe27', '160b12ca561bf524426a17d3e16b55c5c0fe9304737ee1f05f6f53028e0c4da5a3a0e8a1454e032c', 0, '2022-09-29 03:14:30'),
('9b40dbe3c1af3a2722c7ecd7a6b086944936a0ca12499c454c733223cfeafc7b8edc4261cb443dac', '93a2f5f10de0692a872e4b08abeaf7011975b1e523c41c653a52ba7f850c815d66a30b90f4920b1a', 0, '2022-09-27 04:28:13'),
('9c00384b19f2664de78c7b2c02d6317b660ee55ca9177f68f63dfe784be4bde5b8cd5f848414dee9', '7527d55f907e327228d1a98ef1c124f3930015cc2c69b163f57860a990b240335b7dfaf213c516cb', 0, '2022-09-27 10:40:50'),
('9c0ab443d9794e3b0c08a482da924edc31bddc2ec033f31c08f8da1d1f5211017ce4628646bc2e3a', 'adc2cfd3bc4844da6e44ee1001ce9149c475d03c04197be189f1304396bc13fcc317ba79aee59527', 0, '2022-09-27 04:28:10'),
('9cb529200ae43949dd6703496900ac274a5419d1e09524aaddc42bf025e979aef7d0d1f81dc9baed', 'aabb8c2b9306c1d317c89d1070b94b325fc0c2f6c79e7e71fb0ece08e09efea903cf54bb8484010c', 0, '2022-09-27 10:25:48'),
('9dd406e201a7699916b6758f024b77fe39f3f2d6009184a0387396d2e159dd334f8852d5e79a91ac', '37967707d463cf159bcda14f572422dfff4ed8a6068eb499857a92b61eb92d5bd0f953477acdca31', 0, '2022-09-07 11:46:12'),
('9e0fafa200b9025e7c69ee5698630b32d41a9a1e3ec455c05f93f303ae82649fce7d3a6386f185f7', '656d7aff7d6e55624fa1171c53e479dc4c84d31b8c92515f2a1d8c022707b626b00b97581c6d007a', 0, '2022-09-27 05:47:15'),
('9e142784d1a9a0856afeb47f0bcb33845bdd5953b41a68b0b0f3933a26c0c6d0e1af5642dc7f2ce0', '41cbc902650536407f7fd37ba85444ce5dcf61f8285bb8aea1a711a26824e9b4eb8a9b1ac9983e21', 0, '2022-09-14 09:54:29'),
('9e30fb2c2884d3c4ba5c1c7434f652f37fcb1a2279471060eb8e5a182d9364bb7cdef9969b6ca421', '5d677d3e8c67cf6e09a9af0596d690c385fa3f18ab689dfde73c3a6e55c01f53fa6d388cba09a4ee', 0, '2022-09-27 04:26:55'),
('9e3defcce5400cda92aee8ed41074828aeee7d07800e5fad6968f46646aaad527797d76fb33d2b52', 'd77d4d228c43ab5c4940458353dfd9d736de16cfad86ccc8d6b9326429f1b3e59fb609c58e540dc7', 0, '2022-10-25 10:22:05'),
('9eabf079a2e4a6e6e1665ac7371ff15209f5b146c2606ae6248c709874d022053c0b2832ab38a71e', 'bf1d42f4955d49da435463285fa88920ba63c17231b3b802477a91e83491f9265077db5a0e2ca907', 0, '2022-10-25 19:54:44'),
('9f16f4115003ebdd695f3c8fb55a7ff012363473db3548b24f355aa5f40c81a41f5a6f0224dc5e5d', 'd6b7f8d06062ee6ffe8a2d19e11d812f640d13402f7620c14bd7ba2a3171a0829cdb31ee0dcadd3c', 0, '2022-10-26 11:26:27'),
('9f7b9f87b1a9ef6ec13000cb33002dfd03daa7660248edb57f55761dc1cbdc9427b1739215142db0', '3f5bda7c65d19b3150177b4a5a9711ce211fcdb59cd735104a81b054d4bbb945463feb36a96a5a7d', 0, '2022-10-26 09:15:28'),
('a0360e09128a6d3a40f44e0b91f6012b41d48aeff25915bb5ba90b5eb0bbdbed4b3f76b20fbc964a', '2306a9c7cb809bff9d59f7ca6f1020e0e263e950aa611068cccaaa268cc5469d322b0ad09fdbd589', 0, '2022-09-28 10:37:51'),
('a1d493bed0510645ce2e3993f5ea8c0f5b36a2749d2b406c16da8483da5506808963702abd997560', '37ac106e51fd8b3763e2c3aa31dc006180f0d9c791a16554e5ca1c4e763b62bb365ba0d770dd7486', 0, '2022-09-27 04:28:15'),
('a2a9335b50a62d0025ed9f8485af11cac33b638316b1d74b05d7e7b3a56ff6519bf075625454d500', '8c81881b1cc039a7513452a01df9da7538467e5d05ed1e96d80910ccf40aeff9027daed0629fd360', 0, '2022-09-14 10:02:24'),
('a307f55fa3cab4037dc9c9a68afe2cae83c3d67d3c09ea513401894dd152bfae5778f8d3b6383120', '04af9d05e0d9b9fbf49f6f84885f31a0b8b51ebab9eb3e2f1f3b2a15ec9314cb3e2f0532b478e942', 0, '2022-09-28 07:51:41'),
('a369504f91d8f9f6c08d680b00c685db1911238159c40fc20be71aee572331cbeb8c20319706f39d', 'abc20ebfbc1ac48f3eaf8df0fc6abe3fb07b31872108d7ac08ce170a8785570645d8835eca18be42', 0, '2022-10-25 17:40:40'),
('a38e5fe69764cb499c054b4144e6a06d29aaf3508f082eb4e10dfd44690e8e5b2c1aeeca46156a94', '90fa8bc974c78dca47915b8bcd938a6109acdc32b4e522c185c959d075253da386b7ba8bce7fe4f7', 0, '2022-09-27 04:28:13'),
('a3aa25c82ae5a306ab677526191078f01214f558d3a5c2404e66693c62fd6e4288ebbe41205ca486', 'c22ea950ddb23d8bd501da481396e25b621707e5f8b1b44b869b7bf5e4f3316c518926ba681cf6d6', 0, '2022-09-30 05:18:19'),
('a3c4184d63fa81244d1b6721c187797d9739f1186d5c01485d9d9ee7a6f2753e9506e2fe61eee54b', 'f029c78c30fff913346e024a82085ca5fecb6cad8a4be56ff7555bedb527a6a91f93d3f8f4ac7358', 0, '2022-09-27 06:28:32'),
('a3d04040a0f45822332c48175c2b5df7483bd13d9bbacb016c355d7b57a551b5c817ff3b5c849c1e', '63949cefd685f823e7747b954fce874ec4490475c2d08574fd59aa9daf33634ec21b86fb778b6b57', 0, '2022-09-14 11:26:28'),
('a46689c2545b1aea818ab88ef75e7e00e82f8d48b46086f5195ccd4ad7b7dee4e17ae8fb60b54c51', '2a189d16b09c68a8bdb9d5d4232724c06f96ad87fbb91ed1fee77209620c7196ca1a8df9ca34183f', 0, '2022-10-25 11:32:46'),
('a51abe4d338b8ffe9d8ec6efeb8129657de1c592a5fc7228af71abadce6f07da4b97cb839ea271fb', '9f00382b5662079685e14e233d25fea347308fc20896c175cd90fca854e9f63c4a070cf76020f812', 0, '2022-09-28 07:53:18'),
('a543d6f1548bbeab7eedc2f8f0e3c1c8bfc970c2169c56c21106b77bdb9209aadd9554fb19087561', '17f85576730a91b3cc0cb90466ca9ebeb0e965a8705f58c6480d398a856f4db07b227c8640095f2c', 0, '2022-09-07 11:05:26'),
('a6343aac1ef2d5613514004a5512499dbe2236eb5c41195f51fec94beed0f3fce42d0c86c68251b1', '83aaa68119c388f007a752bf3b747fcfec4d249d40add60036295d50d286920f456de5d366278fb0', 0, '2022-09-28 05:38:50'),
('a6b43853cd9bc354b2f0ccce3ed2a15aa94a061b85e43dcf91ef66555bf30a2c9ee4b16ca1967720', 'b14fb25dd7c59a1f6008aaa41e9e3e2ec3e11588b6500cd1b9adfc3fe372e014ed812617fc0441f1', 0, '2022-10-25 14:42:45'),
('a70ce9c43f7c5719f0a7ba3126afd7aa0208bf58ebc0b6434de26de3be0d601e14dc27172ae8b68f', '88b19821d853b198327f55d80486e80c2f953e4e47b7e999c60ef45e547502a246c1fc1aadd6fd62', 0, '2022-10-28 08:43:00'),
('a7d7590810a8bad322eb6b49e994873ceff7d485d63994928ee3d1b03365538388147e2c3a2d95e5', '98fa2776334233675d05a91499625c296ac5d9c3ab9dce9403c1db78e2c4c5c1270e075831f740e9', 0, '2022-10-25 14:29:04'),
('a98e3250d837c531dec876a18a9901272503abd0e8f34e4a51124bb8c762b5fe06b06d32c2e2ea23', 'c99f9047d13f627aa14042d6e234c61e0962ee4e7b21e4bc7342d62df845451ac782a006ad950343', 0, '2022-10-26 11:54:15'),
('a9baab4cdcac8edd25d86d4358a2aa8150dcc94ce99c64657654739588500436d7336c2bd12fba77', '6d47f75c595675a605185bcad41cbab245fb536b0bc80fab6392519dbb4e6a9e649cade3b7c2b239', 0, '2022-10-25 14:49:16'),
('a9dd100dac970ccd096069a176dc655e872cb6685788fd096d385027dbcd89a62be4fc2e46a94b0e', 'efa0b5a6709d434204203701f245bc2498ab1756fd0e178bb6257cd0da95deee44e107e23404c1a1', 0, '2022-09-29 03:08:14'),
('a9f14370d996ec3d02097d58945349c13451610b292d181b969d5ebb39e18b111a4a11e7ddd12994', '28681eb864652b4ed87d92b721b23ed326e430062d10c036671aae5125a74b1e1c6973f55c79d094', 0, '2022-09-27 05:18:25'),
('aa6c5d9fa6a612c148b53f6bea5b9977a8e5e112cf269493812def3d3529a9843c28277af03c667e', '3cd8c72988ccc4ad82b64054dd0a8acc86f167046df0476b27660aabaf9515fc2d2cfdde8dbf4313', 0, '2022-10-27 08:33:36'),
('aa92e823e34bace745633e4e582791399ccfc6c38169e352fdfa5e5335ab71982dc13244822066f4', 'f9c95d0287845735860cbb6ba321078ee4f08f4f45c82b8464dd49fe97ce3377c1a468fad4fcd9e2', 0, '2022-09-28 05:42:46'),
('aac7a6f3179246b9b60e4eb6c532cfb45d2f0cd2444b1bc86679966fcc2c5be5720efbdda9cfa0a7', '2cae082beea1d8b3db490fa18840e481e0b3ccbc8b22388fe2b032494e88969e09dc980651a73a5e', 0, '2022-10-26 14:36:20'),
('aaf9d40e9295ea1abd866ea2e875bc08a354f52dd7a2660046f206cb4f24868ff02f694a5892aec2', '3862161e33f6b53e3f31601473981df281ad1b2033611b212bdeddb8f21defded0a88e4bce8d8319', 0, '2022-09-28 07:51:34'),
('ab4db419b2756705c7648557d7c461a5646556e89410cd28590746758031ac1d9edd23aba8ce299f', 'b895719537d45481b622975080009075ec3e9d3109ff7b495f4a9a3d4a6df5b4e7f0d7091bf78b89', 0, '2022-09-14 08:33:46'),
('ab6c82dfe36c19ca852819943e7e9da05bf8772b545c67050624756b30ad90481d04439462249135', '9882643bdbe40d9a37b328f955fe1f0acdc5e4a78fd621e60a81e625f5211dd77030c35afb9e738b', 0, '2022-10-25 19:44:01'),
('ac680095c7db6ddde76d664b49d0511a09bb081115b7683b0094e1e2aadfe448e2ae678c8b4deae1', '9ceed2885b522029dde0235a0e0e2c5f30b5b9e3cb2cea1015b4683531f33fcd42bb296289f4e0af', 0, '2022-10-26 13:31:22'),
('aceaae3cbab5f19963efdf3c286cf4f456df45e7d1f5cc683f4fcfff6db8b4f832d058231335ba35', 'a071c70031f7c35b6c7b15e07d5aa6d9bc9bcb49f912fe281173151ad1ce15f66339205a9c4923cb', 0, '2022-10-25 17:41:34'),
('ae154e4664a51f34ab74f85e30ed163034dd87579dcbb5a5bbea4271f0d4937c87888396eda8e491', 'dc2ea2e5ce5da42b102e9ce97900a9a2e00cdec17d4801f4507ba2ecfe6d6a91859ff929a24d2d11', 0, '2022-10-28 10:31:43'),
('afad0273b70d83f224ce2e471e6b8edb6130de91e00308988f57796b2820c2bf5ff4cd01bc2dae03', '33164016a5e0780c829155bcd8e8d551c40ef78fa91020aeccfb84314099b26162eefb8e3283647b', 0, '2022-09-27 06:05:39'),
('b0e9ad39a92960ce843d165d47dc6c0b3c1256f0ee5753cbd0c65ec33c831d1bc42f36b9d9ed1207', 'bbe1f0e276d34feabbda79053a1310a1e23d4de8ebbf2d876810fa1b72cc956c82837ad570aa7080', 0, '2022-10-28 11:27:15'),
('b0eb72307a7bca28b40de893a327a522b02c640b018f73547cc3b8db1cae88a31c47ccfa3fbec299', '242054e855d2f34f0268b23b95c70a8f8500146c243d326c48db9888b31b0785b35fbdf660eab952', 0, '2022-09-28 11:28:28'),
('b186dea3b16daca7776c2b1d05c0757382234d1c2b7639ca611224bbbb2b4e4643903692b02d9f4e', '703e882f98f79d3fe1434718d3866b0547aaf6f662de8ebdffd9a6d7c18a9cd9d70ba10129de8eff', 0, '2022-10-25 11:32:15'),
('b1d08cf2d68bb61e82fa5d0025ab13c0daa1d153e668bb1e0deefb0f40c7b7690cb62d804dabe684', 'e11fd74e4c9835461449d7fb3cd04d83862b8fb0449d5bef9d49726d05df747a6b81c04d4e725282', 0, '2022-09-29 05:32:31'),
('b1d5d427d4670a6f7dd85e94e25856038d4b835548ae277d6a5d8fecfd75b99dc33b1c4f01a286ca', '1d2c2ba54e8fdd5ac75b01d85e810c2816bd19b4483c518636f6dd1dbfa745052350d4b6f923eedb', 0, '2022-10-25 15:22:16'),
('b2c8625d5a396ee857106c910707ec3641d7cc3f10888b11de8a61b600d444990c77591fcca4be5c', '036c5952296467e2d6a9abfc8c7ab1e024065ad97ace4a0d1dc2c760eac5c620acfbe5093016a212', 0, '2022-10-21 10:33:55'),
('b2d5a030aaa3706d428f3e0b761173a6199ca9dbfa52ec0609465f4e217a8159ac0469b1d40d14c7', '0f855da029644135603987feea6428b9f8d41a39c337a4d0734311a706f0798119e1bad7f52f7fe1', 0, '2022-10-25 11:36:39'),
('b326531ddb87b2d23ff46536054537b0c3dc5563425e1ce7875bf6298ed3dd2d0fdfba962b7d7c44', 'ab18346f888a45f01f8118fda7a2853b5e952b278d916bdaa876a8ca4cfac330ed0ab8ba812e215b', 0, '2022-10-25 19:55:42'),
('b34bad35104b1b40e77f56b72219c97f81c113cc41e403ff84807a9fcc54207188568aee2de1fdfc', '7d9b8d5195d2061f3d35fa308e10635152358186859f7ce8f241eab051c6ad98cd21b489a22c6465', 0, '2022-09-27 05:38:59'),
('b3c6d6edc6dc5dd3e716ed32d79ae9198488541bad8d0e0ab416f681d13d6b4d9f9a1e6e4f88a642', '36fe7fba355130e6cc58ebd68d13ca7cbf0b469aed89d7ba06d89b9d8778a15cf5b18f86233b0a2e', 0, '2022-10-25 14:45:32'),
('b633a25e0e8b3db2186f7a14694b664f55ca3e3408a1747ddad40f793d8f09e6592217f0b4d94ada', '9023e8728bf48d21ba70a3fe99620d9515e2e8d9ac13040d08557bbe103a8396e2dcbc8c21e315dd', 0, '2022-10-26 10:54:29'),
('b642f01330e4b7a97dd203100614058a49f84e250054d2508ebee145930089caa4a401e7e962e142', '0ebc717dd480f79b51c93409ca253946b982307ec94ce171e92c12b93f9fcefa7cf1d4955c0aa482', 0, '2022-09-27 04:28:14'),
('b68a0505631d75863fa0abd9820070f75fab8f8d9b9b2666040777ef5133e6a1519ebc11c620dc21', 'b2163936b828a693b4eed57db54e642fa1fb95adb25c655b0b84f90b8eb8d7152398fab4c41bbb2f', 0, '2022-09-15 04:38:14'),
('b750eb1103ed6301b9a557ac0e4516799c66b707516cd1ee022905d1734a57d05383e94b4e3b2c76', '1b033406404ec2dcb51e4a513a3660153c300fb92c5147e7d69f53deb38100914c46f09faf0b4c76', 0, '2022-09-28 03:53:06'),
('b7ed6d712bd7c62062e7ff0860f64bf7738accbb9c11c68002b7d02a019ef122d15e0438d197c5c3', 'a03ee1a93002a14b39589f234f9ebbd22857d2dced535f8295d3d76439dfd7e901a4b377673759fc', 0, '2022-09-29 09:44:27'),
('b85543c5dbcc6a153b5359e958ff1e31d4de20ebe10e45e5dd9f6bc5b8910d5f6677315e23341255', 'd0041b63cf8e2b914a80fd50ea7b9c5e70e63546e6d3461c49494195cd3a3daf16d9ccc17e331a03', 0, '2022-10-25 11:22:35'),
('b85e0b60029fea47585a70f97807f1789e6dd9f546396b52bd58eac4104b70c2c5c9e04f8c1e2f46', 'cb5921c3e91bc9d368a22846bb69153800516a7845bf03c8f0766a3173097c9ac8be2ab24315f21d', 0, '2022-09-27 07:46:18'),
('b951de2a99d6ed1ebc0bd4eed72c2a23b9db2c55ab501ed00525be5f9bee0ea50e5449b0bc350e41', 'd1813a5ec863840a74ff199f2d913180092de92f7db498e359e5f17d78b31e483fedb7b998bc62a6', 0, '2022-09-30 05:12:05'),
('bbec884dd231ce18821f2747d506f7abd77c316f5d4d4eb1126946e0872bcb50bfa0db0d40d1b0f3', 'db80699bdd14c29a5850e37e838f3eecd417b4c60fe026bc78147ee4fd8a3c9efbce89a26c8b288b', 0, '2022-09-27 04:19:18'),
('bc4b75c7e1e32786f0ccaf365d00d698e9f10976e1eb9c033b243e7ecbbcaa57f5e031f2f1a545ca', '7da142a66a27a3e0c8dbfa72006b5debbc088937049991f7474e12f5272e03459236e4e22f3a9bd2', 0, '2022-09-27 04:45:16'),
('bc5d86eb063280beaa2cc325893669e7f5dd25c1408a9916898c5fdaab25daecb1a130ae87acac5f', '6e476a1c1d2db04f2ebf6fccf8c698055465eef9572b2811594b5fb163a5c9905972ddc8784478a7', 0, '2022-10-22 09:02:50'),
('be83edeecd57900bf2509493ba8bff1ab3e8ad0e8ddd2330c59c69d95409f31fc31261128161611a', '92782f40ef20d0fa15ec8757f11e25af5b1405706e268663da9b69a24838ccc5a074d0ecf8d5cff8', 0, '2022-09-24 11:58:48'),
('bec15531347959407757a257594b890375957002a02b1d86ac4c05a457717f1dca7782a2b11efce2', 'b9541e2a2f62a8615be8dd018b4b364121d3944b714ef4d07dd85e7e498e3bc412c52cb641571cf1', 0, '2022-09-22 10:03:37'),
('bf6160b0e155d83fe6ee093738909a2941e58d143f21ca7f345e43e9ec0e3e0b68001393cbdb8076', 'ee7d3054fd62a139cac896432d6a939feb535ae5ace457b4ab4b5f14174bccb2bbe7dc3bb7364bf2', 0, '2022-09-14 08:46:00'),
('c01065317d48da219edaaad1f6600683ab1edccad4cf7315804422b916d2d46c92b88712ad003c0f', 'cd14cb40b2c946d63ab687f50a84ebea2fd5f1afd178e1c25ba93ada2357408e06d27008ebbb39d4', 0, '2022-09-14 08:36:26'),
('c066ba8ee75bc4d6f19a34ddebadbd1d913594dd62ec935574e24c451f7fee4d5992d094655a8b8e', 'c29e167a1caf11bcbfd56e07a6e51a2ce1f148178c84f37107af83cbee0ab33eb380f9d87202d05f', 0, '2022-09-07 11:03:18'),
('c15330f21c8615c9d75bf73fd5e23e024335570429897c749fc728a72b1071476220c4614554a671', '3444ba0835c979abf8cc58eb03dc61b9bbf1ab8d9b1deadc592858c032349ebf1487a4ba4a6e519e', 0, '2022-09-29 05:13:23'),
('c1578d36d0c5f9fd80ae88fb73109b246d57a9bdf10906401b1fecdded77af41b42a68f56b387821', '2fd86f74c6ab4e130b8fc1ec8b2909ac8435d6f38ac06fa34f960bfdfff4e5cf1204cfaba8fece2f', 0, '2022-09-28 08:09:13'),
('c1e8356d097c14c18e2d969139901d4b6369a06424ba5253b43658f9c3dc9bc83b40b54d7889c91a', '2292a21c03849e175ac4cbc6fcbd36d75c1c2e0baca5d1d14a364bcb49857095a571e710f8b6e84b', 0, '2022-09-27 05:37:16'),
('c222b356542c101fd1f6d2985dfab3350d11bf26250bcd0cca6b90cc1b248f19880f5f6d1a52ffd7', '9027dc0678f427d0a23a3d02344ffae2c1c4a87f9539f6c7cac68fbbd2a16248f23ead9cd54f5e7b', 0, '2022-09-24 10:23:02'),
('c2a2525b74fb0afea2d072c97aeb75e472cf24950c2bfdbe1293eed4e378395e7f8553c5c22d57a3', '5a03380ed59d9cc035fa0502eb2debb8cdb7c888c9378c68f0506a091b1f3cae55165dea43df209b', 0, '2022-09-27 06:07:19'),
('c2d7f2b5eda178df429c284a49f47674832bdd30235ba1f31d309ecfb6b24c1675bd0aed6f1dc728', '351179b819dddf913aea89b2f2ec2bfc48100b536a35ea94741f2400efc0f95540557936ee3a28bc', 0, '2022-09-28 11:29:55'),
('c347a6db4fd55904e250b932760d1ae251ecc35b5ceef5d292447f9fd8f47dde55c566fe6363ca0a', 'f572d32c92b6f37e99d2ba72d41642b381c25e3b6f23911de8cfbe545638f3427d698cf3b842be8d', 0, '2022-09-27 05:00:21'),
('c431c05f8fcf73431be5c28620ee5484124d3eea78de5eeae4ddec9851e222c8cfbc72ce0e9ce14c', 'cbd2f71faa3fd09bbac9b920b399b11f538eab91de46697535abe0e89db48c845b952e4dd47ac689', 0, '2022-10-28 08:05:14'),
('c48b16df0a0f2a148573976c10dd1a552ddcf81039ef30b3e9af2c72d6af4791a6dcb99b9f568e43', '528cef3c0d616e85eeb8c6620f4f633c01f839b673fe8bc4cd5c0465274df1b1e51ab8e309bf43e8', 0, '2022-09-14 11:32:32'),
('c56cc747d3cf55fc91f399c9267b9ef4fa091cbb2fd8f3a0d1382a0464d607f3b35b683049309569', '88b1039f39d0d972ee9dbb1cb2996d84da8ae88500a34a7f8de1b344f2df4b2d8d626f8088a0800a', 0, '2022-09-27 05:17:30'),
('c5f81ec2d37107ec4f00e9e32384c72138e0b3d8a4565be6fd023d0b54a57dc2c9ca76eeab6a577e', '2cee62c5ca68f37820af6422d9f747d6bc64b21b9ff2b618e38cb93b738fa50c171d64136097e2a4', 0, '2022-09-14 08:34:11'),
('c624c55907bd79b9e240f4c4ce5e12782d6e7a8efd219a20e39d93720d357dc218591bff8e08741e', '87a072ffbf07a8fd39fa734f14f322c6ffadec1db3da7bd29159d627059d120555f96066d1c5ee90', 0, '2022-09-07 11:33:34'),
('c6b5820375a1f7ad1deb487ce5c9a5f4f22cb200d5560c2cbf4645ec3aaa336a7787a486ec4e7ef6', 'e304b5b52ff24c8d3693e993ae36f861164b7ccce489798725772c81c706507a604857d3372e6d5a', 0, '2022-09-30 03:42:52'),
('c78d3918e44862269b232f5b0ae1df3835e59421390ea468a24cc8313bf15878ea8b7e0a66f7d24f', 'af0994f5f7ecaab06e1a16d9075d54ce55a8ccc533edb7618a0f8abed19c336de79e6daefe7e5fbc', 0, '2022-10-22 10:18:35'),
('c81f4e93ea860917e87000f64cf367c80ea0355f2a00e16d8af0c4c5ffc5d30714d4026ad4548c23', '3a866ab0bf79fae8f493a17cb2f98b2f72375dd0701723c1e3433db55294a81f9705f7506cbaa458', 0, '2022-09-27 04:59:01'),
('c921ade33cdc9ffdbf391a208010e0beebd015f6424553f3cafcdf87f09268baf7568961255da83b', '23f43315e77deb202c4fe44c6468624ed903e775dee39a12b404dd94c979445bf1847cd09aca04e2', 0, '2022-10-22 10:05:20'),
('cb9c5df4031feb3ebcfaca32b77196266d40a431896f4542133a5e6bc1b063d353ba90a7f67d9972', '17526811442df042240477532e966ff2c0b6b6d84f221425186ffdd225f4bf3fabde0b88771f9fa3', 0, '2022-09-28 05:55:24'),
('cbb3a52f1a650f14918aa4d2c8a48966962586ca3a912a5ee696107bf04cde451dd56f9be4a41ce6', '9b0b34f8707f1bb26939bdc86efab9c1deaa43374ae2d3cddf7e88196db48d36a497d301e343b1cb', 0, '2022-09-29 08:20:13'),
('cc2659063f9acc09d9ac88ba013978429fa4e9c83c1de52751aa19898a5e6d37002bc537aa79156c', '63e119b6fa324cafebee69efae1578c2f76fa5496ee73acdb8dd19fbd51633fbaf5e3a11f47c2ddb', 0, '2022-10-25 11:49:27'),
('cc641b347454b21897a48de8a198efb789ce3346c0021b2c9756172de168f790baf2f999d04f24e2', 'f0b878585584dd49bb6d0d0434f987dbef50adf6ae01f2b4753d657fbf26ed73a0cdadc310040aea', 0, '2022-09-14 11:24:20'),
('cc6c3fef9c25e624a821cc9bd4195a71e89f97a3c8a352ff5f8780efde1bb9f5a5c15eb65628dbba', '2a702b105acd617313912a55b9e3f1a77df2f9ab26707e5cad312126e75d0b8d7f61884de80ff686', 0, '2022-10-20 11:53:38'),
('ccb6c4b078b871ec0f9000382dc58b37204f776c8d1210580cc103c9bb75eecd8e6a226fb7a39beb', '27031109ba19efaf8ded6a3603b77734aad94e5590714b6c8881e15e458cb7f63539ce0e1b1731a4', 0, '2022-09-29 04:58:22'),
('ccfa627fa9e4465c12acb476a35af5622b7eb38b5fccdd5635a1265971358fa394b0108c35df8de3', 'ec64e225c15e5dff43b416ec6a7533300e0176cabfe2742ef67672da68d6d24212791b796479bc99', 0, '2022-10-20 15:46:56'),
('cd73ea23ed105ad87125cba0f018fa7642fb6de82ffa85b0889f6c233154ef2b47a9216d6a429657', '32de912d8709f53cd64da04b70e4c08b803fe1c11af93f33c206ff7431e43f240a8fa4dce799ae51', 0, '2022-09-28 07:34:59'),
('cd958fdbc214933814efe0825a10188d0b54487edd090db93bb2a3ba5c06e4eb858ea4af8f7a1067', '5301967482054a20797ace2964050354aafd3a2f4df6f3e794fb8c0aeecced55e3eaab81a658bd43', 0, '2022-10-21 10:32:00'),
('cf511af247b9fb4cce6fe6c953a7dbf0ceb7cc1ff978b83305be8faaea7c709b246dad788f9cacfe', '51f0ecfbc9d60a3b56691d91a0df56b0fe8b90b70a4f68d4b263ab98423af55410236b00e072b8a1', 0, '2022-09-30 05:22:21'),
('d09f2f63e14c80aa74b0717c839cfbaa73d512acb11d2d7dd8ce8fe04d1131c1ec4a8941d922fdc8', 'f8f1548a9300e7b3f4b337694dd07cb8830aefc90c7f67e31d8f711f64bd1bf3a6d7fd32591b6634', 0, '2022-09-14 10:01:04'),
('d1c76fe3914b413ecf8989b39685ba6b8205ebd6fbe899dcd8482dd9b7505e1026369d787115fb67', '945585a7bec1c940865a11a7f9b577a26af6b5eb9be087be1df2fd3588cb0baf4be23b8352c9183b', 0, '2022-09-27 05:13:32'),
('d2346eada8d07f664eb3b2ec0d1fcda27558b8b8662232e5a8c61b9bb140f5f505c9c4be5d30924a', '730c7eae75b6e159f68cd4ce367dddf2d78331cdb19a0018eefb8eb07bc55265c276bfd310783398', 0, '2022-09-29 06:46:02'),
('d23613897e97f72eac0ffc0608fac1a8dd4e1eea4632e67cf18b7c17f185f72dba92ef274759d042', '016d30f929f60a74a6bea6063435954f30606bb687157f1f17b4517d50e4166ea784627b12899d23', 0, '2022-10-28 09:58:12'),
('d30b6ed759b9207c3485ee368c24825e1186be81dd889ac08e4febb908e737e3938479a30bbe150b', '90e329583239e0bbaa506de9dc919b5fd9477cd6b309608a0a1a4d29aa782a57651789607f61f9cc', 0, '2022-09-28 08:00:47'),
('d3627154eb4a3f71ee743a577799c7c7d316d49df7ad43f6e7fd7eff50d6e46097c5d63f5bff6009', 'a44e77304e51083bb025813f051337fcddfff6d0820d84c99b15f85678e28d1e3c8c86e9f3c720cb', 0, '2022-10-28 16:35:45'),
('d57bbbb6e253b5f1297b99cca4bf2811a1e418cee6827f50fa121357b1431c6af11bada2e29c9c08', '49bb5e5ff3a51f9f6284d468716e93ac2a2d5f666df4ce4c3809a195747a94d0341fdc7e96086d2b', 0, '2022-09-27 10:09:22'),
('d64e5039657fecea60e8bed8a89403c4b34756bb2fbf8ec9f7d75cd8352f10f3ca2dfdae04aff8d9', '9bc5e1847b9c07fbb06ec98a007c025d8c22af01984d5d3847dfec19814c192441592c46e28e4d34', 0, '2022-10-29 11:39:25'),
('d706daf25641612ea2711be764547539417c369ddff97e3395f657648c0e251be549d3f6d4847316', '56086e849275609627c491d55b5c2b259d6596d16f0b0c4ac6e95036227b0abba690444318aadafd', 0, '2022-10-21 10:25:11'),
('d731d5eb3d471d74a96978a2e47b4e39911090b8ffd2dff0392b4c62723ba3d38ba313724b844fdd', 'b6f3f21d582bca3cc960bca0df82cfd339e40a5111d234ce9e36cc08acf20b5d653427acc679e45a', 0, '2022-09-24 04:11:35'),
('d747b96873eb95b3b7713e85cef0321ed8c3f5a04908a1ba1fa59d44202ca0aeb249ed38afea2995', '1e0d6ef2fa96487fd6c1b8a903904fdbe440660521534cfba6224da4610b4e23e22f28529c2c43b6', 0, '2022-09-27 04:28:14'),
('d81a4839d4825dff07f0f35d469c9e96d2454d52c1aef5291aed9456e94df86c6518aea4c846dae1', '59e87f9d5f0d3a28e63b008f8e2a7f5227d7ced8ffec487be4952726fb41658620bd3963c181ef35', 0, '2022-10-28 11:07:48'),
('d8dd6433abb15fec8a2a654938d79413cb1574088aa682825332d8382274c11377e950819c79f484', 'c1d3038247ba2a47f4cb5e7d35f36c40a1ad2ce7a08ef53b4ff62697f8bae269709011ace78f3496', 0, '2022-10-22 08:42:47'),
('d9a3adb9ba99076f3289df1dc0288eb23bdad6a6e4accc5ad97a798e068aff38873499efbd1d7163', '81094c30f1c6c0570352312dee4fd681f86b4d316314cccc5885240fca0d90c3be99f3a1cc00996a', 0, '2022-09-29 04:06:02'),
('d9d9a23f152a0ceab8f04912eb2fb8b6e3eeae19c7893ec1b4150d25a637068173bf0f57dea27492', '389d2b299c1f3f1fbec771f0c7a9e2693ec91beaa7ed7b4f1b31c0af1df8abd45f1486fbf04ebae5', 0, '2022-09-27 05:30:15'),
('d9f47886dd8c21ed18b755dc689ca2d18a539e8faaad58b72f70b89eb1099a7809f455b42f1b7173', 'b775dbd156dbb2fec3239042be4661ff724af773b9e259e334435cd5b009c71cb7b0b5dbd84a5124', 0, '2022-10-28 14:55:38'),
('dc0b494423e179215d68563533359ca689c4228fb6caa02a594b3a04546f4c32c419f2abeca66d4e', 'e8ae1360418f912882035b3f919c01608dcb984605cc9094edc05849d7c58b3a4b77eff87a0ab52b', 0, '2022-10-28 10:21:10'),
('dc915a23e54a21ac230045919a8cd5f09a0a8e08fb37e5316ffacb5d6eb3ca5ae2ad701b9a2b7374', 'e0860fab0fb50bcee4921ceb569a97ca8e48290613f202fc5f29653e9db29dfd458e444f9a338efd', 0, '2022-09-27 04:59:43'),
('dcbe4fb52024451dde5cb16503a4dd9acb4d7b11de26691c233f3ac284729be5183863ff281c4417', '1d8dc4c4ea543d950d4770c4f97fd9f4e6924a5de171f9cd02777a85c10e46fd72fd6ab9f160b1ca', 0, '2022-09-29 03:06:30'),
('dde56e2827436dd81b834dd7c222964f6a7ba50b834f2e08cecbbb56cd500f2054df980a53160388', '2fecbf50d069ca73bec0bb0f13f794af5aeb0e9549d3686be26481710cb7e049f4044f5377abf993', 0, '2022-09-29 09:44:27'),
('ddeb1bc13f266d1f1e9aa3a70d90b0e57a06b8bec1fa563f4a4b8ed2808e618e5221682d3205f04e', '4c186f7dcad01c624624f409df4b6e3d562f706e5fee7cdbc66a3bf3a7f6ac2103857d74eeecd768', 0, '2022-10-25 19:45:04'),
('de735d9ad5ed37e73a5e3bbddcf0b2b668f0e7036fd87e64b31b29e3d883054a15a7290c87745d54', 'b4b3b53a11af4ef792f7122aa8d6715284f61744b0e7f4261e76590e235211005b70d43f6727d94d', 0, '2022-09-22 06:40:18'),
('defc88829a09468b8d21615871ec84e20ebd4694ff31a66ddb3519490b0c232bab61c670bfb33521', '40484e0ce50de09a215b3943b9e98a507f19e0d4cb1774822743b520ae8b3cb7b5306164bc5cf4da', 0, '2022-10-21 13:25:21'),
('dfc53b81a3e09a9831c5060048e8fc9db8bd3f9bbdb853ea1b81ed38f06833d9a2112fc2add737c7', '0353ae2fede972e46cc8c4c41859028c3bf04b1f76df2c16d4579638bde40487db33541ce5b20330', 0, '2022-09-28 08:52:00'),
('dfee51917f4458df71721fde05a044f3762a961ed20467956e24fb5b6456494adec9d962935bbc48', '7b1e1bc2d8e49028eb8f5effd5f1a245c640e2620c5a5a8b242149c5f47aae812b7b199724988907', 0, '2022-10-27 14:53:18'),
('e07bf3eb6a5b8a5ec1e3267beb83692a8421eed600e79e81b76fbe90e11fa34bd9a3cb03d72c79c0', '2ced61ea2b1e8e534810018bf4ab3d2fae7945de8af9601b6d5c30e6d91abbae8ab4783ca2b99d0d', 0, '2022-10-28 09:18:18'),
('e101e5e894b9480b99aacb9dc3b02103886b4edfc4c74ae16363d6737aa5a3b566ba81e97b1885c7', '04d1da53d9c72ea05c8b1c0a6915ada34f84d3bd0939ce102d53f37903d958a9137264b764d9d058', 0, '2022-09-16 10:43:24'),
('e134d3bf8454fffa27f04c58ff2edd1b375980701e71958e114a51548fd370755ac851897d50b602', 'b54d20a30e67911c4a5e97ac2de731bdd4738c553c2046dfa8f9e8b8c166812ad272f7892cb77f58', 0, '2022-10-21 08:41:29'),
('e13fb7ba613861b6d05b41c29871a186638649bb7b0ebd65a4ce1efdc954acd71ce33e10ccb4fff5', 'fa614573c3f2d7729f6182a3f12369412a363e2be6d4118b0e658d00a6412cef53cbc964aa47c8be', 0, '2022-09-28 07:52:56'),
('e158cad38ab557c41ce4566478c725970306858543973107f5d1238752a6476230747831b6039fbf', 'b72ecfcdc583139f39a3ebb5f5530c975d02d81378a1a88c8187000af5fa8b178ea34effe9c33a92', 0, '2022-09-29 05:33:15'),
('e17e864a170c164a961112b9f72b942f213009b886d50b529784fee864586ed61a297267687c7e60', '55d03c20c1a6a597e15e2796ff9e76dfaa52fbe78b29250d7c2222a827bfe7a1da5beb670affa136', 0, '2022-09-28 05:37:43'),
('e1a9c07a127ab94b549241ad958cc3a8db9dbb5b5d65411bb41bc129c5dc528a7e23043decee1362', 'd264083e09039e6c650f0fef90c5aa02d033d0cd86ffe04ec19d15bd65cbaafaec462d95ad4c2b67', 0, '2022-09-07 11:34:33'),
('e324fd59793183fe6c4ffa5942d80f61d60e28babd3b5d38d94c87c9690d61f3207f970a5d002c1b', '44335609ecb86feaa20be789bca8ebe7f782200727fdb6db08b4b23af43aecdc649f4aef6d2f460f', 0, '2022-09-27 04:28:12'),
('e3ca50b0fd988724630b6f460bdcdea42b85a227f140b6698771bbd2563b2312c6c935446274361d', 'b2e9761cb5b88e9aa9b5073284c8141851cdb3a98fac2a44375b2649ca2e745bfed4f3ddd1255695', 0, '2022-10-28 10:32:39'),
('e4545ac8b4f4c63fe39cd323abc685f7495bf95c4117c2bd5466c91491b68dd283aa0a8b068973d6', '135e3d0c9e9022442d7d1e491b1ba49f3b23a8c9b2ecfe420194e76b44419e9022963079f336c926', 0, '2022-09-27 05:41:20'),
('e45bab959b2f61eee9296ecfcb8b2463dd8e66b7dfc583d6258d2bb664156c5bb1ae4a9e86740537', '47d61b57983af7fec80d3892d85f1ca3ea808d5ef14d291e60f74359ddbfa6572313b4035a493dbd', 0, '2022-10-25 17:31:34'),
('e52e5f70c3bc6de66287913b094144c5992ecc1da18c6a744433d4a3d171f79a69d0a4c4da5486e5', 'b9426bda381d6563ceef6e50283191649543ae0a6390ac196a5c16565a3dcb0daee408f6307c9dab', 0, '2022-09-28 11:29:03'),
('e5472d54fa231848322ce73c61d5f857c44f50a46829a2a585d646889533086307deeb071b6fe1b0', '4c7b3a3aa4a4b9dd4d9e0d1a889fcc64f5ed6dda163c1c8775694ce2ebc5b45c32c059f49956dba9', 0, '2022-09-28 07:35:30'),
('e6aa6e386eeb3bc413878c92ff34e255de984bad78227b19bfadcce48558b04fba26e8f0cde3b78e', '96d957b035196b82e32527e9ae209d9951ca72d47dcdf5880536c4833feb7b3bde0697873a3fe4ef', 0, '2022-09-28 07:40:06'),
('e6b33ad3fcc2981bff7bf010e26aee592065a72f1a8f0a403f5c7120ac17d145043fe9cd31d22d8e', '55a5ab0fa15b8b46c882c97498519c58ee92cba47fa5a689ac3b4d6291c5cbefab0eeafa66e491c7', 0, '2022-09-14 08:31:31'),
('e6bdf8abd01aebefba92bddeb577d4eb9321c3f174b9b6db680585408f94b118a9eb05281907df52', '1f900a695c36941d498daf5cbcd61ed772d2843fbbba8292884915530c508a21b8df2aede41c5b78', 0, '2022-10-28 13:21:42'),
('e6ef9a6fcf8e3bc07fc0e3ba28793df6f356b8baa3ec99edc2114d282601080dc4526190c7155e97', '1c126731cfd5119ccf6dc649e793c26c94f1cc2b62aeeff94d4cca7716aabf740c586d687f498c16', 0, '2022-09-14 09:55:25'),
('e8286bada76f5cc54994887bba6b9dd94c9c519723f9aa48377c25fd7c11389ddae88f540e6b3836', '2d071d26c3fbf82c77f78f8b24447eeca168d307938f579c854e34e3ac76caaf1d73cd060ea5f31a', 0, '2022-09-15 02:25:46'),
('e981d089f02d66468cb04f29504427fa96e848b75ac54aa902cc16d035643cd4aac30d1031cdf59a', 'c9013a63472dd4244481ded79f9d15e3f86ae77a8d33e6a0d7c33c70bde66d6e328fa9196f010d89', 0, '2022-09-29 04:54:45'),
('e99cb412acb7c0af597f5e2ef54c9bf2c001064ca1c52c5948d0258ef067047f63324498891a0327', 'e8a670e6bd99bed001f51de3e2e0fc8d62655ddb9aa95606c17edfed1aa1f4302d27b5d3db2ea5d6', 0, '2022-09-29 05:16:49'),
('e9a01769b57ca42f2ca039c9bdaab4796437c6c2482def52dd97b863fcca310c420e3b31d5c5ce69', '9541966d7f8902e0b772363dca7193b1ffd7c246692c3f65381cfaf349d8dfd21e162a2808c324b2', 0, '2022-09-27 04:28:15'),
('eacd92996a614d4e974a6458eef47a011f8084b593006fe1e058827ea4069d6ec1818c1e689e4c5c', '4d7d0045fcdde977c27e47667fdbe95316d10653449d811cf158348341c2341e58f641e6a58507db', 0, '2022-10-19 09:33:30'),
('ebe327fc8f71c4f84f6dc36a4d3634cb40696b3de3223bb6a62457555217d0262271bad0d23cfc87', 'a79e39e47437ed3cc3b37b6083820137493cfb3199ba80d3b674f2062b237a8e466104ee2442e509', 0, '2022-10-26 11:40:55'),
('ec9183370170d20cdffa1ec191e8aa25f00c23d0d419d5603ac27c488ebacd3bfa8ae5496bb957b1', 'b9d9decb41ee983fbf3eff59a339d44a3a9d4b5e4c3d036ccf90486f62cb42c09bfa07160e2ac2f5', 0, '2022-09-29 08:25:36'),
('ed48c822e2953b08159c8d151302c61b8717dcb9db2f150b0d79daaaff8b09d66fbddc04805cd832', 'd9bc459d104d6ff8dce657559d298a5a702cd6e8be84d63532a13e9c26d3d15691b8dc14da00fa9a', 0, '2022-09-27 11:35:39'),
('edffd73711a1fab70566db530900fa1cc40cef447e59dc329acbdcbfbd9d3567af6c8741dec826db', '45c36b74d7ef99295ea7330d56558b3ca25f1c0a1e56d950eb28ded6786d9081e6a67590bee38a57', 0, '2022-09-27 05:01:52'),
('ef15896dce81e564745c5a99c8dd4c8dc2a727928287be874300a5d66f88c76526a19f2e5a1c1e52', '4b1ce9793e853e7f7da756bf633206882233114c37a58accf1bc142655980e50cbf9cddba7f843c4', 0, '2022-09-30 05:21:43'),
('efaab8a32a7afa1a063be4c710b68a39846e7d616f3289b3b04e1bc5b6656d89271e46a7930d3662', '0a2f03f95d2055cd8d775775726ffae8cbc8799127647a3b12ccdb148acd1a511077a52740f9f73d', 0, '2022-09-28 05:52:37'),
('f0e907ec6549822f64922f817608e52d53e7b743e3be0ce745ae2334f486a3650abaef0f1197eff4', '781462e78079ec6f26ab3b6a13bb54e8a62dc31c4e4915258c16053437d863a3ec45c09b825805e9', 0, '2022-09-27 06:28:08'),
('f1afedff0f787835d6264e35768a72edeb7f70a398c48747f3b8da8698bab4dd5e488497b343b1d2', '8753cd1f17c8a286215b6e61157d5dbf77ea9cfffbdb2a4108f41a6a8fa301552e59b8f7ebc48f2c', 0, '2022-10-25 14:45:56'),
('f20368dbdad6408bd166144aa90495f94be2cdbfd0fa6715e7805cec0fb3b01d3d3670149b4fbcb9', '90cea0a3f3405bcc466f1e9941fbc7fdacf64e11e7d256fa13378f595726dec448ef245afdd9da7c', 0, '2022-09-07 11:03:36'),
('f3fbd4ccca6537e982e7a44110b19bd7da47f320ba7932ea223b52e6fee853ffa5610ea91952a899', '89cd13446fe596aa7f12d3439f5ad993abd2a7f0400237aa09203afd67b7c34fafcf11e9f187ef27', 0, '2022-10-25 14:08:15'),
('f512808334f12fd75887102b20ea7aa40fdee92765a559dc52f0ce8a52b0ca38c9513e816cc1c883', '39134e3ee72f6d8b8c58b38d872cec2ec7608da241dd15d4ce0e16a6228fbf07831385f257372c90', 0, '2022-09-28 09:30:54'),
('f56eec3c4b9d90d467c1fa65f398d3d71bc15e23449722321019b022f4f8e77a4f71a3fd8696c91c', '6c9980bae92fc72635ef4987617bec8f06189883e59f1bc207b4a5ea3e8af64937fdd36b0725b2be', 0, '2022-10-25 18:09:09'),
('f5b1603b3fa187164876bc11cad4a85bb33e06a217e4ed0fc35c663bbc386d7bb4de3023231de4ce', 'ed8f6b25fd5b7c06a4afb3738ad534f0a07664ab9e0ab70504b1a9f20518defdf29af0cd040f52aa', 0, '2022-10-20 09:43:06'),
('f606cb54b91f67ba5d393dd313d340a7275b19bf00b05491f8b94bbd2d2477cf19538af59daa8bf7', '79634e6cb6a34689a725f6c15e68826d5eefe79fb1f5d051cfa8c57eb8ac5ddaa9ff7f216d531e10', 0, '2022-09-28 09:17:57'),
('f68e8804d4d50ebef53b9fce18854904d2fa00f69248b7843bfa206a9d2f392915c5136e96eace16', '93e7ff6115894ca8cc6740c29d5a98ef8e074a9d61fc1c09ad2de734ad33bd7fda028bd00fb648ed', 0, '2022-09-29 05:23:07'),
('f817082c278af81dec746c6b37724366aad14a08c3e04e8e156aef6b8ee21a3a361e03ee1e228eb4', 'eba8a875a16da3910d0d82a8e931618323176b7c79d05c66754ff47fbd9a1c9adbfc1fa346480315', 0, '2022-09-27 07:46:08'),
('f944bea1156a2b541fb819ea4180b65c8a1da7da237c63efdcfe6405dd98599a03a53dafe49e0c56', '01db7bbf7f98816f3a4439f937c8f63314a2c83ad42b695a9950c3d77435642a48c818e8e1ddcd3f', 0, '2022-09-27 05:37:34'),
('fa6ab0d44c328cfa82ebaf951aa2e102ed87674cdbb79ab72518c3a57e40c41311ca9deb9bc49908', 'c10eb159f272cb95d40f97d30256053dbf1be2f9c21a08f6829366dc858f917309bd77ae2552f9d5', 0, '2022-09-07 11:32:56'),
('fa78f4ddaba5e1dc0691630973514c355f5e6b4e7898bd87db2aa0a17cb9c05e73bd39107d16eff0', 'f7f1357624f17c955d6badb0619be637bc4c07b1e9a687ebbefc90ab4e27478dab0d3fb7b6093c4e', 0, '2022-09-27 04:25:12'),
('fab129e4a759b07e30533887ed83a47a8dd330b5582817b8707747d6bb3eed2f22c130668dd1bdb5', '93ffc307008942013943bb0a47fd6af4b94aa8d25abcee2c9e049a01d03a916fd2922c3ee11ad5db', 0, '2022-09-23 03:10:08'),
('fac48567061c752facb52431e084cde921d784dfef77487b85b259ab532be69bd061cf68879524ee', '47eb9c0bba576ca67a39019b4761b7cdc434eb01001db1c638d1d4155d29e8409818415ee2708120', 0, '2022-09-27 04:28:10'),
('fb62c81a35b14b3dfe979d408d2a0d194a110d90df16fe48eed6224b7157d9964e8b398221a24c2b', 'cce60dcab221c6d66c7ac107d6506065c3985268df1791a7020dcb613ba429aa14b6292ecbd76222', 0, '2022-10-27 08:33:37'),
('fbef46851ac50ba0dd6094142a68a236e6b64b928582d3724573970fa7fa13aba329f15cb086479c', '7919228f6eb5cfcd48f4d539cf392ec056c8454c8f58c4e1c251d165116621f9d6026ff2e2f4e721', 0, '2022-09-27 10:04:37'),
('fca3016399f1e83a339fa92049235b9abba4b7000c0aca0c5b5f2ad42ab57daa218a6a0c5a629c57', 'fe9f537fa237bbab6531b04f93872ce7d9f22e5707738a75c74b5dcd1e03741a6b89acb1cdb0ccd1', 0, '2022-10-25 14:54:25'),
('fcbffe223758ec20cc373d378bfe0671555f2237fad10b2ad1aef6b406ce58bf6cc5f2153f1d0d2f', '839de6fdcfc79168c5309cc06314ce75dae363505b1cedea26f43329df8627451c989b5f831a5312', 0, '2022-10-28 09:28:53'),
('fe2c54e4506493a8bafebc6c955d0082abc602b56e95d14fa96d236ebc73899033298cf684e988bd', 'd820b9713ebfe29e92c1e6e0cb2779c132729a5ad809205c171353619943282c7aa0cb4c3b407cf3', 0, '2022-09-14 11:33:42'),
('fe6b1f01fa4e0b1eb4276604850574e13176dc0be5dd7147867ba79cb5a6a0c914b3c8591100950f', 'ec5de1ba85f44d8ad72a23dacb3f0531066fcf05570e49ef2398b85bcff2b1b68163c00cb8e509bd', 0, '2022-10-21 08:41:54'),
('ff1bed357f527f9080c2e64e85a807138861a26ec235fea0a82c1702b38792212bd64fa74ab311f5', 'a9eef1e6d9e8b3936a15552476d3ea4d06f29e8aac2934af5f162f405339ae9f358c8514aecf2da0', 0, '2022-10-26 08:47:12'),
('ff1ea331340bb0bc4424203dcf1e91d082a2c901ea6cf06d5bb0a60ee04499f11aead0cf57a11f56', '779740b1f72f467fa86b98ab00e1dc2cf93e4e86595c6656d8cd53555ebc3a2e23993f9c2f8e38c3', 0, '2022-10-25 18:29:02'),
('ffbc48a7151059b7b9d996a08f8117a9893eccff3035bbb3dee2dc9d437dfdcebf381a6f662f42e0', 'c617c172f9b1c15078ba9f6fdf18960f15f235d0eb99bb5892ef998d4e6197e2be4a6976f97d67b9', 0, '2022-09-30 05:40:42'),
('fff138a66dd2640ff4f4fab29102be92293cb47cd99337aa279f7f4145d10dbf847dfa072b6755a0', '2cd8265813998b7ca711cfb9171cc063ba2cf852f7c8eb26134623d285d6e4dfd574bd3cf3ca098c', 0, '2022-09-27 05:28:17');

-- --------------------------------------------------------

--
-- Table structure for table `password_resets`
--

CREATE TABLE `password_resets` (
  `email` varchar(255) NOT NULL,
  `token` varchar(255) NOT NULL,
  `created_at` timestamp NULL DEFAULT NULL
) ENGINE=InnoDB DEFAULT CHARSET=utf8;

-- --------------------------------------------------------

--
-- Table structure for table `permissions`
--

CREATE TABLE `permissions` (
  `id` int(10) UNSIGNED NOT NULL,
  `name` varchar(255) NOT NULL,
  `display_name` varchar(255) DEFAULT NULL,
  `description` varchar(255) DEFAULT NULL,
  `created_at` timestamp NULL DEFAULT NULL,
  `updated_at` timestamp NULL DEFAULT NULL
) ENGINE=InnoDB DEFAULT CHARSET=utf8;

--
-- Dumping data for table `permissions`
--

INSERT INTO `permissions` (`id`, `name`, `display_name`, `description`, `created_at`, `updated_at`) VALUES
(1, 'role-create', 'role-create', 'role-create', NULL, NULL),
(2, 'manage_permissions', 'manage_permissions', 'manage_permissions', NULL, NULL),
(3, 'role-update', 'role-update', 'role-update', NULL, NULL),
(4, 'role-delete', 'role-delete', 'role-delete', NULL, NULL),
(5, 'user-create', 'user-create', 'user-create', '2021-10-20 11:10:20', '2021-10-20 11:10:20'),
(6, 'permission-create', 'permission-create', 'permission-create', NULL, NULL),
(7, 'permission-update', 'permission-update', 'permission-update', '2021-10-20 17:18:29', '2021-10-20 17:18:29'),
(8, 'permission-delete', 'permission-delete', 'permission-delete', '2021-10-20 17:18:57', '2021-10-20 17:23:57'),
(10, 'sendvin-create', 'sendvin-create', 'sendvin-create', '2021-10-21 05:45:30', '2021-10-21 05:45:30'),
(11, 'manage_roles', 'manage_roles', 'manage_roles', '2021-10-21 06:03:16', '2021-10-21 06:03:16'),
(12, 'sendvin-index', 'sendvin-index', 'sendvin-index', '2021-10-21 06:06:38', '2021-10-21 09:52:35'),
(13, 'uploadvin-create', 'uploadvin-create', 'uploadvin-create', '2021-10-21 06:07:06', '2021-10-21 06:07:06'),
(14, 'uploadvin-index', 'uploadvin-index', 'uploadvin-index', '2021-10-21 06:07:21', '2021-10-21 09:52:54'),
(17, 'user-update', 'user-update', 'user-update', '2021-10-21 06:08:35', '2021-10-21 06:08:35'),
(18, 'user-delete', 'user-delete', 'user-delete', '2021-10-21 06:08:57', '2021-10-21 06:08:57'),
(19, 'dealer-create', 'dealer-create', 'dealer-create', '2021-10-21 06:09:22', '2021-10-21 06:09:22'),
(20, 'dealer-update', 'dealer-update', 'dealer-update', '2021-10-21 06:09:39', '2021-10-21 06:09:39'),
(21, 'dealer-delete', 'dealer-delete', 'dealer-delete', '2021-10-21 06:09:55', '2021-10-21 06:09:55'),
(22, 'ii001_file-create', 'ii001_file-create', 'ii001_file-create', '2021-10-21 06:10:38', '2021-10-21 06:10:38'),
(23, 'ii001_file-show', 'ii001_file-show', 'ii001_file-show', '2021-10-21 06:11:01', '2021-10-21 06:11:01'),
(24, 'ii002_file-create', 'ii002_file-create', 'ii002_file-create', '2021-10-21 06:11:32', '2021-10-21 06:11:32'),
(25, 'ii002_file-show', 'ii002_file-show', 'ii002_file-show', '2021-10-21 06:11:55', '2021-10-21 06:11:55'),
(26, 'settings-index', 'settings-index', 'settings-index', '2021-10-26 06:34:29', '2021-10-26 06:34:29'),
(27, 'users-show', 'users-show', 'users-show', '2021-10-26 06:34:50', '2021-10-26 06:34:50'),
(28, 'dealers-show', 'dealers-show', 'dealers-show', '2021-10-26 06:35:08', '2021-10-26 06:35:08'),
(29, 'roles-show', 'roles-show', 'roles-show', '2021-10-26 06:35:21', '2021-10-26 06:35:21'),
(30, 'permissions-show', 'permissions-show', 'permissions-show', '2021-10-26 06:35:36', '2021-10-26 06:35:36'),
(31, 'gwmfiles-index', 'gwmfiles-index', 'gwmfiles-index', '2021-10-26 06:44:05', '2021-10-26 06:44:05'),
(32, 'showvin-index', 'showvin-index', 'showvin-index', '2021-10-26 06:47:05', '2021-10-26 06:47:05'),
(33, 'ii001_file-send', 'ii001_file-send', 'ii001_file-send', '2021-10-26 11:08:30', '2021-10-26 11:08:30'),
(34, 'ii002_file-send', 'ii002_file-send', 'ii002_file-send', '2021-10-26 11:08:47', '2021-10-26 11:08:47');

-- --------------------------------------------------------

--
-- Table structure for table `permission_role`
--

CREATE TABLE `permission_role` (
  `permission_id` int(10) UNSIGNED NOT NULL,
  `role_id` int(10) UNSIGNED NOT NULL
) ENGINE=InnoDB DEFAULT CHARSET=utf8;

--
-- Dumping data for table `permission_role`
--

INSERT INTO `permission_role` (`permission_id`, `role_id`) VALUES
(1, 1),
(2, 1),
(3, 1),
(4, 1),
(5, 2),
(6, 1),
(7, 1),
(8, 1),
(10, 2),
(10, 5),
(11, 1),
(11, 2),
(12, 2),
(12, 5),
(13, 2),
(13, 6),
(14, 2),
(14, 6),
(17, 2),
(18, 2),
(19, 2),
(20, 2),
(21, 2),
(22, 2),
(23, 2),
(23, 6),
(24, 2),
(25, 2),
(25, 6),
(26, 2),
(27, 2),
(28, 2),
(29, 1),
(30, 1),
(31, 2),
(31, 6),
(32, 2),
(32, 6),
(33, 2),
(34, 2);

-- --------------------------------------------------------

--
-- Table structure for table `permission_user`
--

CREATE TABLE `permission_user` (
  `permission_id` int(10) UNSIGNED NOT NULL,
  `user_id` int(10) UNSIGNED NOT NULL,
  `user_type` varchar(255) NOT NULL
) ENGINE=InnoDB DEFAULT CHARSET=utf8;

-- --------------------------------------------------------

--
-- Table structure for table `produced_temp_vins`
--

CREATE TABLE `produced_temp_vins` (
  `id` bigint(20) UNSIGNED NOT NULL,
  `skd_plant` int(11) DEFAULT NULL,
  `vin_gm` varchar(255) DEFAULT NULL,
  `vin_local` varchar(17) DEFAULT NULL,
  `validate` int(1) DEFAULT NULL,
  `model_code` varchar(7) DEFAULT NULL,
  `model_year` int(11) DEFAULT NULL,
  `engine` varchar(20) DEFAULT NULL,
  `full_option` varchar(800) DEFAULT NULL,
  `produced_date` date DEFAULT NULL,
  `to_dealer` int(11) DEFAULT NULL,
  `sold_date` date DEFAULT NULL,
  `user_id` int(11) DEFAULT NULL,
  `created_at` timestamp NULL DEFAULT NULL,
  `updated_at` timestamp NULL DEFAULT NULL
) ENGINE=InnoDB DEFAULT CHARSET=utf8;

-- --------------------------------------------------------

--
-- Table structure for table `produced_vins`
--

CREATE TABLE `produced_vins` (
  `id` bigint(20) UNSIGNED NOT NULL,
  `skd_plant` int(11) NOT NULL,
  `vin_gm` varchar(17) NOT NULL,
  `vin_local` varchar(17) NOT NULL,
  `model_code` varchar(7) NOT NULL,
  `model_year` int(11) NOT NULL,
  `engine` varchar(20) NOT NULL,
  `full_option` varchar(800) DEFAULT NULL,
  `produced_date` date NOT NULL,
  `to_dealer` int(11) NOT NULL,
  `sold_date` date NOT NULL,
  `user_id` int(11) DEFAULT NULL,
  `ii001_fname` varchar(50) DEFAULT NULL,
  `ii002_fname` varchar(50) DEFAULT NULL,
  `created_at` timestamp NULL DEFAULT NULL,
  `updated_at` timestamp NULL DEFAULT NULL
) ENGINE=InnoDB DEFAULT CHARSET=utf8;

--
-- Dumping data for table `produced_vins`
--

INSERT INTO `produced_vins` (`id`, `skd_plant`, `vin_gm`, `vin_local`, `model_code`, `model_year`, `engine`, `full_option`, `produced_date`, `to_dealer`, `sold_date`, `user_id`, `ii001_fname`, `ii002_fname`, `created_at`, `updated_at`) VALUES
(1, 32, 'XWB3K32BDB9070923', 'MX13K32BDBA079103', '1TF100', 2051, 'B15D2 144568776', 'CL35', '2021-10-07', 256815, '2021-07-17', 1, 'II001_GWM_9J20_WEB_20211027151501.txt', 'II002_GWM_9J20_WEB_20211027151501.txt', '2021-10-27 08:03:07', '2021-10-27 10:15:01'),
(2, 33, 'XWB3K32BDB9070924', 'MX13K32BDBA079104', '1TF101', 2052, 'B15D2 144568777', 'CL36', '2021-10-08', 256816, '2021-07-18', 1, 'II001_GWM_9J20_WEB_20211027151501.txt', 'II002_GWM_9J20_WEB_20211027151501.txt', '2021-10-27 08:03:07', '2021-10-27 10:15:01'),
(3, 34, 'XWB3K32BDB9070925', 'MX13K32BDBA079105', '1TF102', 2053, 'B15D2 144568778', 'CL37', '2021-10-09', 256817, '2021-07-19', 1, 'II001_GWM_9J20_WEB_20211027151501.txt', 'II002_GWM_9J20_WEB_20211027151501.txt', '2021-10-27 08:03:07', '2021-10-27 10:15:01'),
(4, 35, 'XWB3K32BDB9070926', 'MX13K32BDBA079106', '1TF103', 2054, 'B15D2 144568779', 'CL38', '2021-10-10', 256818, '2021-07-20', 1, 'II001_GWM_9J20_WEB_20211027151501.txt', 'II002_GWM_9J20_WEB_20211027151501.txt', '2021-10-27 08:03:07', '2021-10-27 10:15:01'),
(5, 36, 'XWB3K32BDB9070927', 'MX13K32BDBA079107', '1TF104', 2055, 'B15D2 144568780', 'CL39', '2021-10-11', 256819, '2021-07-21', 1, 'II001_GWM_9J20_WEB_20211027151501.txt', 'II002_GWM_9J20_WEB_20211027151501.txt', '2021-10-27 08:03:07', '2021-10-27 10:15:01'),
(6, 32, 'XWB3K32BDB9071111', 'MX13K32BDBA071111', '1TF100', 2051, 'B15D2 144568776', 'CL35', '2021-10-07', 256815, '2021-07-17', 1, 'II001_GWM_9J20_WEB_20211027151501.txt', 'II002_GWM_9J20_WEB_20211027151501.txt', '2021-10-27 08:03:30', '2021-10-27 10:15:01');

-- --------------------------------------------------------

--
-- Table structure for table `realized_vins`
--

CREATE TABLE `realized_vins` (
  `id` bigint(20) UNSIGNED NOT NULL,
  `vin` varchar(17) NOT NULL,
  `sdate` date NOT NULL,
  `dealer_id` int(11) NOT NULL,
  `created_at` timestamp NULL DEFAULT NULL,
  `updated_at` timestamp NULL DEFAULT NULL
) ENGINE=InnoDB DEFAULT CHARSET=utf8;

--
-- Dumping data for table `realized_vins`
--

INSERT INTO `realized_vins` (`id`, `vin`, `sdate`, `dealer_id`, `created_at`, `updated_at`) VALUES
(1, 'XWBMA48N9MA627076', '2021-10-03', 3, '2021-10-03 04:55:32', '2021-10-03 04:55:32'),
(2, 'XWBMA48N9MA627077', '2021-10-02', 3, '2021-10-03 05:00:46', '2021-10-03 05:00:46'),
(3, 'XWBMA48N9MA627074', '2021-10-04', 3, '2021-10-04 03:50:23', '2021-10-04 03:50:23'),
(4, 'XWBMA48N9MA627073', '2021-10-04', 3, '2021-10-04 03:50:44', '2021-10-04 03:50:44'),
(5, 'XWBMA48N9MA627072', '2021-10-04', 3, '2021-10-04 03:57:08', '2021-10-04 03:57:08'),
(6, 'XWBMA48N9MA627071', '2021-10-04', 3, '2021-10-04 04:00:03', '2021-10-04 04:00:03'),
(7, 'XWBMA48N9MA627070', '2021-10-04', 3, '2021-10-04 04:04:28', '2021-10-04 04:04:28'),
(8, 'XWBMA48N9MA627069', '2021-10-04', 3, '2021-10-04 04:19:40', '2021-10-04 04:19:40'),
(9, 'XWBMA48N9MA627068', '2021-10-04', 3, '2021-10-04 04:31:20', '2021-10-04 04:31:20'),
(10, 'XWBMA48N9MA627067', '2021-10-04', 3, '2021-10-04 04:37:48', '2021-10-04 04:37:48'),
(11, 'XWBMA48N9MA627066', '2021-10-05', 3, '2021-10-05 07:34:49', '2021-10-05 07:34:49'),
(12, 'XWBMA48N9MA627065', '2021-10-05', 3, '2021-10-05 09:01:53', '2021-10-05 09:01:53'),
(13, 'XWBMA48N9MA627054', '2021-10-06', 3, '2021-10-06 00:19:56', '2021-10-06 00:19:56'),
(14, 'XWBMA48N9MA627053', '2021-10-06', 3, '2021-10-06 00:42:48', '2021-10-06 00:42:48'),
(15, 'XWBMA48N9MA627061', '2021-10-04', 3, '2021-10-06 00:59:56', '2021-10-06 00:59:56'),
(17, 'XWBMA48N9MA627007', '2021-10-11', 3, '2021-10-26 03:54:16', '2021-10-26 03:54:16'),
(18, 'XWBMA48N9MA627062', '2021-10-26', 3, '2021-10-26 04:06:44', '2021-10-26 04:06:44'),
(19, 'XWBJA69V9MA205624', '2021-10-26', 4, '2021-10-26 04:11:42', '2021-10-26 04:11:42'),
(20, 'XWBTA69V9MA205625', '2021-10-25', 4, '2021-10-26 04:16:08', '2021-10-26 04:16:08');

-- --------------------------------------------------------

--
-- Table structure for table `roles`
--

CREATE TABLE `roles` (
  `id` int(10) UNSIGNED NOT NULL,
  `name` varchar(255) NOT NULL,
  `display_name` varchar(255) DEFAULT NULL,
  `description` varchar(255) DEFAULT NULL,
  `created_at` timestamp NULL DEFAULT NULL,
  `updated_at` timestamp NULL DEFAULT NULL
) ENGINE=InnoDB DEFAULT CHARSET=utf8;

--
-- Dumping data for table `roles`
--

INSERT INTO `roles` (`id`, `name`, `display_name`, `description`, `created_at`, `updated_at`) VALUES
(1, 'superadmin', 'Superadmin', 'Superadmin', '2021-10-19 08:47:06', '2021-10-20 11:15:56'),
(2, 'admin', 'Admin', 'Admin', '2021-10-19 08:47:22', '2021-10-19 08:47:22'),
(5, 'distributor', 'Distributor', 'Distributor', '2021-10-21 06:15:51', '2021-10-21 06:15:51'),
(6, 'skdplant', 'Skdplant', 'Skdplant', '2021-10-21 06:16:46', '2021-10-21 06:16:46');

-- --------------------------------------------------------

--
-- Table structure for table `roles_eski`
--

CREATE TABLE `roles_eski` (
  `id` int(11) NOT NULL,
  `roles` varchar(11) NOT NULL
) ENGINE=InnoDB DEFAULT CHARSET=utf8;

--
-- Dumping data for table `roles_eski`
--

INSERT INTO `roles_eski` (`id`, `roles`) VALUES
(1, 'supperadmin'),
(2, 'admin'),
(3, 'user');

-- --------------------------------------------------------

--
-- Table structure for table `role_user`
--

CREATE TABLE `role_user` (
  `role_id` int(10) UNSIGNED NOT NULL,
  `user_id` int(10) UNSIGNED NOT NULL,
  `user_type` varchar(255) NOT NULL
) ENGINE=InnoDB DEFAULT CHARSET=utf8;

--
-- Dumping data for table `role_user`
--

INSERT INTO `role_user` (`role_id`, `user_id`, `user_type`) VALUES
(1, 1, 'App\\User'),
(2, 1, 'App\\User'),
(2, 2, 'App\\User'),
(1, 4, 'App\\User'),
(2, 4, 'App\\User'),
(5, 8, 'App\\User'),
(5, 9, 'App\\User'),
(5, 10, 'App\\User'),
(5, 11, 'App\\User'),
(2, 37, 'App\\User'),
(6, 37, 'App\\User'),
(5, 44, 'App\\User'),
(5, 47, 'App\\User'),
(6, 47, 'App\\User'),
(2, 123, 'App\\User');

-- --------------------------------------------------------

--
-- Table structure for table `test`
--

CREATE TABLE `test` (
  `id` int(11) NOT NULL,
  `name` varchar(100) NOT NULL,
  `surname` varchar(100) NOT NULL,
  `age` int(2) NOT NULL
) ENGINE=InnoDB DEFAULT CHARSET=utf8;

--
-- Dumping data for table `test`
--

INSERT INTO `test` (`id`, `name`, `surname`, `age`) VALUES
(1, 'Test 25.10.2021', 'Test', 25);

-- --------------------------------------------------------

--
-- Table structure for table `users`
--

CREATE TABLE `users` (
  `id` bigint(20) UNSIGNED NOT NULL,
  `name` varchar(255) DEFAULT NULL,
  `email` varchar(255) NOT NULL,
  `dealer_id` int(11) DEFAULT NULL,
  `email_verified_at` timestamp NULL DEFAULT NULL,
  `password` varchar(255) NOT NULL,
  `username` varchar(255) NOT NULL,
  `role_id` int(3) DEFAULT NULL,
  `remember_token` varchar(100) DEFAULT NULL,
  `created_at` timestamp NULL DEFAULT NULL,
  `updated_at` timestamp NULL DEFAULT NULL,
  `deleted_at` timestamp NULL DEFAULT NULL
) ENGINE=InnoDB DEFAULT CHARSET=utf8;

--
-- Dumping data for table `users`
--

INSERT INTO `users` (`id`, `name`, `email`, `dealer_id`, `email_verified_at`, `password`, `username`, `role_id`, `remember_token`, `created_at`, `updated_at`, `deleted_at`) VALUES
(1, 'Sardor', 'sardor88.88@mail.ru', 3, NULL, '$2y$10$yqXRDHV3PLbu8UnUWHyBmu4T8a0hCJpjI28/20/iUmwkX2bozAIzO', 'admin', 1, NULL, '2021-09-07 05:05:55', '2021-10-29 06:40:14', NULL),
(2, 'Salah', 'salah@lfc.com', 1, NULL, '$2y$10$YwjgAVgRNZl1Kk73OCcPzeP.R4V2go2N0ATzvm22iTqrypRU98jVO', 'salah', 2, NULL, '2021-09-23 22:23:07', '2021-10-25 06:32:33', NULL),
(4, 'Abduvali', 'abduvali210984@gmail.com', 3, NULL, '$2y$10$akhuJypDiV6AsmPLa69rdeasDCKaO5J3Vfgl1rZ.27.pIHPb0rJBG', 'Abduvali7170', 2, NULL, '2021-09-26 22:17:56', '2021-09-28 12:35:19', NULL),
(8, 'Test1', 'test@test.uz', 1, NULL, '$2y$10$OPZ6c.98ZadpSaMGln6Mme2CCB.H8VFy/BM4BbX5bFsiXGehXGs8y', 'Test2', 3, NULL, '2021-09-28 22:14:11', '2021-10-28 11:38:52', NULL),
(9, 'ukr', 'ukr@ukr.ukr', 4, NULL, '$2y$10$X.CMlEDFuvmZAW7K45D5yeasSsngyZhq8EYMhq8SpvnnqymUkdGVW', 'ukr', 3, NULL, '2021-09-29 00:18:56', '2021-09-29 00:18:56', NULL),
(10, 'manager', 'manager@uzautomotors.com', 4, NULL, '$2y$10$I2YiEI.x8YnVWZ3Q.rys3e7CH7zAM.j1DyJ6nKgraRApbRRiEfPPa', 'Manager', 2, NULL, '2021-09-29 00:22:50', '2021-09-30 01:43:51', NULL),
(11, 'keles', 'keles@keles.keles', 3, NULL, '$2y$10$oeQk/.CO5w.D8AK.oYDXSe65SHyGeF/EHgL.EvbNTrzlV5eYDmTJq', 'keles', 3, NULL, '2021-09-29 00:24:34', '2021-09-29 00:24:34', NULL),
(44, 'Test3', 'Test3@test.uz', 4, NULL, '$2y$10$MbvpAb6SnWmUj3VNC1c4/exgi8sNj63g3FfIE5MjQ7jV1gRJkZfUO', 'Test3', 3, NULL, '2021-10-25 10:51:33', '2021-10-28 11:32:41', '2021-10-28 11:32:41'),
(47, 'Test4', 'Test4@test.uz', 1, NULL, '$2y$10$lpauyLuNa2z9ZtXn8WDHDuQW0Y6sD0JovXjgVq0sq3isPaghvrI0u', 'Test4', 3, NULL, '2021-10-25 14:41:53', '2021-10-28 11:32:45', '2021-10-28 11:32:45'),
(120, 'fgfgfg', 'fgвf@gfg.uz', 23, NULL, '$2y$10$6ma33o8SM82JqQXhyPXF5O3WEFm4CJne8rGxo49rNbjrC9qt490hK', 'fgfgfg', 3, NULL, '2021-10-28 10:53:29', '2021-10-28 11:07:26', '2021-10-28 11:07:26'),
(121, 'Test77', 'Test77@test.uz', 4, NULL, '$2y$10$MQuflfO6430x8lbj2dmXMulf.rQu18vPd./dbcP/vbmfLaEwAZGGi', 'Test77', 3, NULL, '2021-10-28 11:20:56', '2021-10-28 11:32:48', '2021-10-28 11:32:48'),
(122, 'Test11', 'Test11@test.uz', 4, NULL, '$2y$10$TQEOS7JBqX9QD0EsefhOCuiFKe7cxEvyiv/AaTLEqftSMiQXVa42S', 'Test11', 3, NULL, '2021-10-28 11:32:22', '2021-10-28 11:32:51', '2021-10-28 11:32:51'),
(123, 'Test1', 'Test1@test.uz', 23, NULL, '$2y$10$0CXfWVpzkaHt4PC74TIb/eT86umnzMSNILh/Ke/0Z08vr1lxTFER6', 'Test1', 3, NULL, '2021-10-28 11:41:00', '2021-10-29 09:50:30', NULL),
(124, 'Test10', 'Test10@test.uz', 1, NULL, '$2y$10$JBOjqyN7ALkNMhObQE5iJeAYZTzoNlFEXXOCV0DRkq.VU.Gl2v5QW', 'Test10', 3, NULL, '2021-10-29 06:40:53', '2021-10-29 06:41:20', '2021-10-29 06:41:20');

--
-- Indexes for dumped tables
--

--
-- Indexes for table `dealers`
--
ALTER TABLE `dealers`
  ADD PRIMARY KEY (`id`),
  ADD UNIQUE KEY `name` (`name`),
  ADD UNIQUE KEY `name_2` (`name`,`bac`);

--
-- Indexes for table `failed_jobs`
--
ALTER TABLE `failed_jobs`
  ADD PRIMARY KEY (`id`);

--
-- Indexes for table `ii001_files`
--
ALTER TABLE `ii001_files`
  ADD PRIMARY KEY (`id`);

--
-- Indexes for table `ii002_files`
--
ALTER TABLE `ii002_files`
  ADD PRIMARY KEY (`id`);

--
-- Indexes for table `migrations`
--
ALTER TABLE `migrations`
  ADD PRIMARY KEY (`id`);

--
-- Indexes for table `oauth_access_tokens`
--
ALTER TABLE `oauth_access_tokens`
  ADD PRIMARY KEY (`id`),
  ADD KEY `oauth_access_tokens_user_id_index` (`user_id`);

--
-- Indexes for table `oauth_auth_codes`
--
ALTER TABLE `oauth_auth_codes`
  ADD PRIMARY KEY (`id`),
  ADD KEY `oauth_auth_codes_user_id_index` (`user_id`);

--
-- Indexes for table `oauth_clients`
--
ALTER TABLE `oauth_clients`
  ADD PRIMARY KEY (`id`),
  ADD KEY `oauth_clients_user_id_index` (`user_id`);

--
-- Indexes for table `oauth_personal_access_clients`
--
ALTER TABLE `oauth_personal_access_clients`
  ADD PRIMARY KEY (`id`);

--
-- Indexes for table `oauth_refresh_tokens`
--
ALTER TABLE `oauth_refresh_tokens`
  ADD PRIMARY KEY (`id`),
  ADD KEY `oauth_refresh_tokens_access_token_id_index` (`access_token_id`);

--
-- Indexes for table `password_resets`
--
ALTER TABLE `password_resets`
  ADD KEY `password_resets_email_index` (`email`);

--
-- Indexes for table `permissions`
--
ALTER TABLE `permissions`
  ADD PRIMARY KEY (`id`),
  ADD UNIQUE KEY `permissions_name_unique` (`name`);

--
-- Indexes for table `permission_role`
--
ALTER TABLE `permission_role`
  ADD PRIMARY KEY (`permission_id`,`role_id`),
  ADD KEY `permission_role_role_id_foreign` (`role_id`);

--
-- Indexes for table `permission_user`
--
ALTER TABLE `permission_user`
  ADD PRIMARY KEY (`user_id`,`permission_id`,`user_type`),
  ADD KEY `permission_user_permission_id_foreign` (`permission_id`);

--
-- Indexes for table `produced_temp_vins`
--
ALTER TABLE `produced_temp_vins`
  ADD PRIMARY KEY (`id`),
  ADD UNIQUE KEY `produced_vins_vin_local_unique` (`vin_local`),
  ADD UNIQUE KEY `produced_vins_vin_gm_unique` (`vin_gm`);

--
-- Indexes for table `produced_vins`
--
ALTER TABLE `produced_vins`
  ADD PRIMARY KEY (`id`),
  ADD UNIQUE KEY `produced_vins_vin_gm_unique` (`vin_gm`),
  ADD UNIQUE KEY `produced_vins_vin_local_unique` (`vin_local`);

--
-- Indexes for table `realized_vins`
--
ALTER TABLE `realized_vins`
  ADD PRIMARY KEY (`id`),
  ADD UNIQUE KEY `vin` (`vin`);

--
-- Indexes for table `roles`
--
ALTER TABLE `roles`
  ADD PRIMARY KEY (`id`),
  ADD UNIQUE KEY `roles_name_unique` (`name`);

--
-- Indexes for table `roles_eski`
--
ALTER TABLE `roles_eski`
  ADD PRIMARY KEY (`id`);

--
-- Indexes for table `role_user`
--
ALTER TABLE `role_user`
  ADD PRIMARY KEY (`user_id`,`role_id`,`user_type`),
  ADD KEY `role_user_role_id_foreign` (`role_id`);

--
-- Indexes for table `test`
--
ALTER TABLE `test`
  ADD PRIMARY KEY (`id`);

--
-- Indexes for table `users`
--
ALTER TABLE `users`
  ADD PRIMARY KEY (`id`),
  ADD UNIQUE KEY `users_email_unique` (`email`) USING BTREE,
  ADD UNIQUE KEY `username` (`username`),
  ADD KEY `dealers_id` (`dealer_id`),
  ADD KEY `role` (`role_id`);

--
-- AUTO_INCREMENT for dumped tables
--

--
-- AUTO_INCREMENT for table `dealers`
--
ALTER TABLE `dealers`
  MODIFY `id` bigint(20) UNSIGNED NOT NULL AUTO_INCREMENT, AUTO_INCREMENT=31;

--
-- AUTO_INCREMENT for table `failed_jobs`
--
ALTER TABLE `failed_jobs`
  MODIFY `id` bigint(20) UNSIGNED NOT NULL AUTO_INCREMENT;

--
-- AUTO_INCREMENT for table `ii001_files`
--
ALTER TABLE `ii001_files`
  MODIFY `id` int(10) UNSIGNED NOT NULL AUTO_INCREMENT, AUTO_INCREMENT=27;

--
-- AUTO_INCREMENT for table `ii002_files`
--
ALTER TABLE `ii002_files`
  MODIFY `id` int(10) UNSIGNED NOT NULL AUTO_INCREMENT, AUTO_INCREMENT=24;

--
-- AUTO_INCREMENT for table `migrations`
--
ALTER TABLE `migrations`
  MODIFY `id` int(10) UNSIGNED NOT NULL AUTO_INCREMENT, AUTO_INCREMENT=11;

--
-- AUTO_INCREMENT for table `oauth_clients`
--
ALTER TABLE `oauth_clients`
  MODIFY `id` bigint(20) UNSIGNED NOT NULL AUTO_INCREMENT, AUTO_INCREMENT=3;

--
-- AUTO_INCREMENT for table `oauth_personal_access_clients`
--
ALTER TABLE `oauth_personal_access_clients`
  MODIFY `id` bigint(20) UNSIGNED NOT NULL AUTO_INCREMENT, AUTO_INCREMENT=2;

--
-- AUTO_INCREMENT for table `permissions`
--
ALTER TABLE `permissions`
  MODIFY `id` int(10) UNSIGNED NOT NULL AUTO_INCREMENT, AUTO_INCREMENT=35;

--
-- AUTO_INCREMENT for table `produced_temp_vins`
--
ALTER TABLE `produced_temp_vins`
  MODIFY `id` bigint(20) UNSIGNED NOT NULL AUTO_INCREMENT, AUTO_INCREMENT=94;

--
-- AUTO_INCREMENT for table `produced_vins`
--
ALTER TABLE `produced_vins`
  MODIFY `id` bigint(20) UNSIGNED NOT NULL AUTO_INCREMENT, AUTO_INCREMENT=15;

--
-- AUTO_INCREMENT for table `realized_vins`
--
ALTER TABLE `realized_vins`
  MODIFY `id` bigint(20) UNSIGNED NOT NULL AUTO_INCREMENT, AUTO_INCREMENT=21;

--
-- AUTO_INCREMENT for table `roles`
--
ALTER TABLE `roles`
  MODIFY `id` int(10) UNSIGNED NOT NULL AUTO_INCREMENT, AUTO_INCREMENT=7;

--
-- AUTO_INCREMENT for table `roles_eski`
--
ALTER TABLE `roles_eski`
  MODIFY `id` int(11) NOT NULL AUTO_INCREMENT, AUTO_INCREMENT=4;

--
-- AUTO_INCREMENT for table `test`
--
ALTER TABLE `test`
  MODIFY `id` int(11) NOT NULL AUTO_INCREMENT, AUTO_INCREMENT=2;

--
-- AUTO_INCREMENT for table `users`
--
ALTER TABLE `users`
  MODIFY `id` bigint(20) UNSIGNED NOT NULL AUTO_INCREMENT, AUTO_INCREMENT=125;

--
-- Constraints for dumped tables
--

--
-- Constraints for table `permission_role`
--
ALTER TABLE `permission_role`
  ADD CONSTRAINT `permission_role_permission_id_foreign` FOREIGN KEY (`permission_id`) REFERENCES `permissions` (`id`) ON DELETE CASCADE ON UPDATE CASCADE,
  ADD CONSTRAINT `permission_role_role_id_foreign` FOREIGN KEY (`role_id`) REFERENCES `roles` (`id`) ON DELETE CASCADE ON UPDATE CASCADE;

--
-- Constraints for table `permission_user`
--
ALTER TABLE `permission_user`
  ADD CONSTRAINT `permission_user_permission_id_foreign` FOREIGN KEY (`permission_id`) REFERENCES `permissions` (`id`) ON DELETE CASCADE ON UPDATE CASCADE;

--
-- Constraints for table `role_user`
--
ALTER TABLE `role_user`
  ADD CONSTRAINT `role_user_role_id_foreign` FOREIGN KEY (`role_id`) REFERENCES `roles` (`id`) ON DELETE CASCADE ON UPDATE CASCADE;
COMMIT;

/*!40101 SET CHARACTER_SET_CLIENT=@OLD_CHARACTER_SET_CLIENT */;
/*!40101 SET CHARACTER_SET_RESULTS=@OLD_CHARACTER_SET_RESULTS */;
/*!40101 SET COLLATION_CONNECTION=@OLD_COLLATION_CONNECTION */;
